
=================================================================================
2025-10-03 16:11:42.939Z: Configuration starting...
2025-10-03 16:11:42.958Z: Cloning...

=================================================================================
2025-10-03 16:11:44.053Z: Creating container...
2025-10-03 16:11:44.085Z: $ devcontainer up --id-label Type=codespaces --workspace-folder /var/lib/docker/codespacemount/workspace/AI-Motor-Control --mount type=bind,source=/.codespaces/agent/mount/cache,target=/vscode --user-data-folder /var/lib/docker/codespacemount/.persistedshare --container-data-folder .vscode-remote/data/Machine --container-system-data-folder /var/vscode-remote --log-level trace --log-format json --update-remote-user-uid-default never --mount-workspace-git-root false --omit-config-remote-env-from-metadata --skip-non-blocking-commands --skip-post-create --config "/var/lib/docker/codespacemount/workspace/AI-Motor-Control/.devcontainer/devcontainer.json" --override-config /root/.codespaces/shared/merged_devcontainer.json --default-user-env-probe loginInteractiveShell --container-session-data-folder /workspaces/.codespaces/.persistedshare/devcontainers-cli/cache --secrets-file /root/.codespaces/shared/user-secrets-envs.json
2025-10-03 16:11:44.219Z: @devcontainers/cli 0.80.0. Node.js v18.20.6. linux 6.8.0-1030-azure x64.
2025-10-03 16:11:44.402Z: Resolving Feature dependencies for 'ghcr.io/mathworks/devcontainer-features/matlab'...
2025-10-03 16:11:44.928Z: Resolving Feature dependencies for 'ghcr.io/devcontainers/features/python'...
2025-10-03 16:11:45.142Z: Soft-dependency 'ghcr.io/devcontainers/features/common-utils' is not required.  Removing from installation order...
2025-10-03 16:11:45.143Z: Soft-dependency 'ghcr.io/devcontainers/features/oryx' is not required.  Removing from installation order...
2025-10-03 16:11:45.143Z: Soft-dependency 'ghcr.io/devcontainers/features/common-utils' is not required.  Removing from installation order...
2025-10-03 16:11:45.224Z: Files to omit: ''
2025-10-03 16:11:45.380Z: Files to omit: ''
2025-10-03 16:11:45.394Z: $ubuntu --build-arg _DEV_CONTAINERS_IMAGE_USER=root --build-arg _DEV_CONTAINERS_FEATURE_CONTENT_SOURCE=dev_container_feature_content_temp --target dev_containers_target_stage -f /tmp/devcontainercli-root/container-features/0.80.0-1759507904400/Dockerfile.extended -t vsc-ai-motor-control-08140b272e8c2c9c56f68aab9ad26d521178487c932860920c0f738e2392989e-features /var/lib/docker/codespacemount/.persistedshare/empty-folder
2025-10-03 16:11:46.129Z: #0 building with "default" instance using docker driver

#1 [internal] load .dockerignore
#1 transferring context: 2B done
#1 DONE 0.0s

#2 [internal] load build definition from Dockerfile.extended
#2 transferring dockerfile: 5.22kB done
#2 DONE 0.0s

#3 [auth] docker/dockerfile:pull token for registry-1.docker.io
2025-10-03 16:11:46.279Z: #3 DONE 0.0s

#4 resolve image config for docker.io/docker/dockerfile:1.4
2025-10-03 16:11:46.449Z: #4 DONE 0.4s
2025-10-03 16:11:46.577Z: 
#5 docker-image://docker.io/docker/dockerfile:1.4@sha256:9ba7531bd80fb0a858632727cf7a112fbfd19b17e94c4e84ced81e24ef1a0dbc2025-10-03 16:11:46.577Z: 
#5 resolve docker.io/docker/dockerfile:1.4@sha256:9ba7531bd80fb0a858632727cf7a112fbfd19b17e94c4e84ced81e24ef1a0dbc 0.0s done
#5 sha256:ad87fb03593d1b71f9a1cfc1406c4aafcb253b1dabebf569768d6e6166836f34 528B / 528B done
#5 sha256:1e8a16826fd1c80a63fa6817a9c7284c94e40cded14a9b0d0d3722356efa47bd 2.37kB / 2.37kB done
#5 sha256:1328b32c40fca9bcf9d70d8eccb72eb873d1124d72dadce04db8badbe7b08546 3.15MB / 9.94MB 0.1s
#5 sha256:9ba7531bd80fb0a858632727cf7a112fbfd19b17e94c4e84ced81e24ef1a0dbc 2.00kB / 2.00kB done
2025-10-03 16:11:46.677Z: #5 sha256:1328b32c40fca9bcf9d70d8eccb72eb873d1124d72dadce04db8badbe7b08546 5.24MB / 9.94MB 0.2s
2025-10-03 16:11:46.777Z: #5 sha256:1328b32c40fca9bcf9d70d8eccb72eb873d1124d72dadce04db8badbe7b08546 8.39MB / 9.94MB 0.3s
2025-10-03 16:11:46.877Z: #5 sha256:1328b32c40fca9bcf9d70d8eccb72eb873d1124d72dadce04db8badbe7b08546 9.44MB / 9.94MB 0.4s
2025-10-03 16:11:47.041Z: #5 sha256:1328b32c40fca9bcf9d70d8eccb72eb873d1124d72dadce04db8badbe7b08546 9.94MB / 9.94MB 0.5s
#5 extracting sha256:1328b32c40fca9bcf9d70d8eccb72eb873d1124d72dadce04db8badbe7b085462025-10-03 16:11:47.042Z: 
2025-10-03 16:11:47.177Z: #5 sha256:1328b32c40fca9bcf9d70d8eccb72eb873d1124d72dadce04db8badbe7b08546 9.94MB / 9.94MB 0.5s done
#5 extracting sha256:1328b32c40fca9bcf9d70d8eccb72eb873d1124d72dadce04db8badbe7b08546 0.1s done
#5 DONE 0.7s
2025-10-03 16:11:47.464Z: 
#6 [internal] load metadata for mcr.microsoft.com/devcontainers/base:ubuntu
#6 DONE 0.0s

#7 [context dev_containers_feature_content_source] load .dockerignore
#7 transferring dev_containers_feature_content_source: 2B done
2025-10-03 16:11:47.464Z: #7 DONE 0.0s
2025-10-03 16:11:47.685Z: 
#8 [context dev_containers_feature_content_source] load from client
#8 transferring dev_containers_feature_content_source: 128.74kB done
#8 DONE 0.0s

#9 [dev_containers_feature_content_normalize 1/3] FROM mcr.microsoft.com/devcontainers/base:ubuntu
#9 DONE 0.1s
2025-10-03 16:11:47.837Z: 
#10 [dev_containers_target_stage 2/6] RUN mkdir -p /tmp/dev-container-features
2025-10-03 16:11:47.914Z: #10 ...

#11 [dev_containers_feature_content_normalize 2/3] COPY --from=dev_containers_feature_content_source devcontainer-features.builtin.env /tmp/build-features/
#11 DONE 0.2s
2025-10-03 16:11:48.067Z: 
#12 [dev_containers_feature_content_normalize 3/3] RUN chmod -R 0755 /tmp/build-features/
2025-10-03 16:11:48.655Z: #12 ...

#10 [dev_containers_target_stage 2/6] RUN mkdir -p /tmp/dev-container-features
#10 DONE 1.0s
2025-10-03 16:11:48.891Z: 
#12 [dev_containers_feature_content_normalize 3/3] RUN chmod -R 0755 /tmp/build-features/
#12 DONE 0.8s

#13 [dev_containers_target_stage 3/6] COPY --from=dev_containers_feature_content_normalize /tmp/build-features/ /tmp/dev-container-features
#13 DONE 0.0s
2025-10-03 16:11:48.891Z: 
#14 [dev_containers_target_stage 4/6] RUN echo "_CONTAINER_USER_HOME=$( (command -v getent >/dev/null 2>&1 && getent passwd 'vscode' || grep -E '^vscode|^[^:]*:[^:]*:vscode:' /etc/passwd || ********) | cut -d: -f6)" >> /tmp/dev-container-features/devcontainer-features.builtin.env && echo "_REMOTE_USER_HOME=$( (command -v getent >/dev/null 2>&1 && getent passwd 'vscode' || grep -E '^vscode|^[^:]*:[^:]*:vscode:' /etc/passwd || ********) | cut -d: -f6)" >> /tmp/dev-container-features/devcontainer-features.builtin.env
2025-10-03 16:11:49.050Z: #14 DONE 0.3s
2025-10-03 16:11:49.191Z: 
#15 [dev_containers_target_stage 5/6] RUN --mount=type=bind,from=dev_containers_feature_content_source,source=python_0,target=/tmp/build-features-src/python_0     cp -ar /tmp/build-features-src/python_0 /tmp/dev-container-features  && chmod -R 0755 /tmp/dev-container-features/python_0  && cd /tmp/dev-container-features/python_0  && chmod +x ./devcontainer-features-install.sh  && ./devcontainer-features-install.sh  && rm -rf /tmp/dev-container-features/python_0
2025-10-03 16:11:49.192Z: #15 0.142 ===========================================================================
#15 0.142 Feature       : Python
#15 0.142 Description   : Installs the provided version of Python, as well as PIPX, and other common Python utilities.  JupyterLab is conditionally installed with the python feature. Note: May require source code compilation.
2025-10-03 16:11:49.342Z: #15 0.142 Id            : ghcr.io/devcontainers/features/python
#15 0.142 Version       : 1.7.12025-10-03 16:11:49.342Z: 
#15 0.142 Documentation : ********/devcontainers/features/tree/main/src/python
#15 0.142 Options       :
#15 0.142     VERSION="os-provided"
#15 0.142     INSTALLTOOLS="********"
#15 0.142     TOOLSTOINSTALL="flake8,autopep8,black,yapf,mypy,pydocstyle,pycodestyle,bandit,pipenv,virtualenv,pytest,pylint"
#15 0.142     OPTIMIZE="false"
#15 0.142     ENABLESHARED="false"
#15 0.142     INSTALLPATH="/usr/local/python"
#15 0.142     INSTALLJUPYTERLAB="false"
#15 0.142     CONFIGUREJUPYTERLABALLOWORIGIN=""
#15 0.142     HTTPPROXY=""
#15 0.142 ===========================================================================
2025-10-03 16:11:49.524Z: #15 0.477 find: 2025-10-03 16:11:49.675Z: '/var/lib/apt/lists/*': No such file or directory
#15 0.477 Running apt-get update...
2025-10-03 16:11:49.957Z: #15 0.910 Get:1 http://archive.ubuntu.com/ubuntu noble InRelease [256 kB]
2025-10-03 16:11:49.957Z: #15 0.910 Get:2 http://security.ubuntu.com/ubuntu noble-security InRelease [126 kB]
2025-10-03 16:11:50.397Z: #15 1.349 Get:3 http://archive.ubuntu.com/ubuntu noble-updates InRelease [126 kB]
2025-10-03 16:11:50.758Z: #15 1.710 Get:4 http://archive.ubuntu.com/ubuntu noble-backports InRelease [126 kB]
2025-10-03 16:11:50.965Z: #15 1.917 Get:5 http://security.ubuntu.com/ubuntu noble-security/universe amd64 Packages [1138 kB]
2025-10-03 16:11:51.172Z: #15 1.974 Get:6 http://archive.ubuntu.com/ubuntu noble/multiverse amd64 Packages [331 kB]
2025-10-03 16:11:51.189Z: #15 2.142 Get:7 http://archive.ubuntu.com/ubuntu noble/universe amd64 Packages [19.3 MB]
2025-10-03 16:11:51.333Z: #15 2.285 Get:8 http://security.ubuntu.com/ubuntu noble-security/main amd64 Packages [1512 kB]
2025-10-03 16:11:51.516Z: #15 2.378 Get:9 http://security.ubuntu.com/ubuntu noble-security/restricted amd64 Packages [2462 kB]
2025-10-03 16:11:51.516Z: #15 2.468 Get:10 http://security.ubuntu.com/ubuntu noble-security/multiverse amd64 Packages [34.6 kB]
2025-10-03 16:11:51.796Z: #15 2.748 Get:11 http://archive.ubuntu.com/ubuntu noble/main amd64 Packages [1808 kB]2025-10-03 16:11:51.798Z: 
2025-10-03 16:11:51.896Z: #15 2.772 Get:12 http://archive.ubuntu.com/ubuntu noble/restricted amd64 Packages [117 kB]
#15 2.774 Get:13 http://archive.ubuntu.com/ubuntu noble-updates/universe amd64 Packages [1924 kB]
#15 2.811 Get:14 http://archive.ubuntu.com/ubuntu noble-updates/main amd64 Packages [1879 kB]
#15 2.849 Get:15 http://archive.ubuntu.com/ubuntu noble-updates/restricted amd64 Packages [2605 kB]
2025-10-03 16:11:52.097Z: #15 2.897 Get:16 http://archive.ubuntu.com/ubuntu noble-updates/multiverse amd64 Packages [38.9 kB]
#15 2.899 Get:17 http://archive.ubuntu.com/ubuntu noble-backports/universe amd64 Packages [33.9 kB]
#15 2.899 Get:18 http://archive.ubuntu.com/ubuntu noble-backports/main amd64 Packages [49.4 kB]2025-10-03 16:11:52.097Z: 
2025-10-03 16:11:52.712Z: #15 3.664 Fetched 33.9 MB in 3s (11.4 MB/s)
#15 3.664 Reading package lists...2025-10-03 16:11:53.484Z: 
2025-10-03 16:11:53.917Z: #15 4.869 Reading package lists...2025-10-03 16:11:54.714Z: 
2025-10-03 16:11:54.875Z: #15 5.677 Building dependency tree...2025-10-03 16:11:54.908Z: 
#15 5.861 Reading state information...2025-10-03 16:11:55.090Z: 
2025-10-03 16:11:55.130Z: #15 6.082 ca-certificates is already the newest version (20240203).
#15 6.082 curl is already the newest version (8.5.0-2ubuntu10.6).
#15 6.082 dirmngr is already the newest version (2.4.4-2ubuntu17.3).
#15 6.082 dirmngr set to manually installed.
#15 6.082 gcc is already the newest version (4:13.2.0-7ubuntu1).
#15 6.082 gcc set to manually installed.
#15 6.082 gnupg2 is already the newest version (2.4.4-2ubuntu17.3).
#15 6.082 make is already the newest version (4.3-4.1build2).
2025-10-03 16:11:55.130Z: #15 6.082 make set to manually installed.
#15 6.082 tar is already the newest version (1.35+dfsg-3build1).
#15 6.082 xz-utils is already the newest version (5.6.1+really5.4.5-1ubuntu0.2).
#15 6.082 zlib1g-dev is already the newest version (1:1.3.dfsg-3.1ubuntu2.1).
#15 6.082 The following additional packages will be installed:
2025-10-03 16:11:55.230Z: #15 6.082   fontconfig-config fonts-dejavu-core fonts-dejavu-mono icu-devtools
#15 6.082   libbrotli-dev libevent-2.1-7t64 libfontconfig-dev libfontconfig1
#15 6.082   libfontconfig1-dev libfreetype-dev libfreetype6 libgcrypt20-dev libgmp-dev
#15 6.082   libgmpxx4ldbl libgnutls-dane0t64 libgnutls-openssl27t64 libgnutls28-dev
#15 6.082   libgnutls30t64 libgpg-error-dev libicu-dev libidn2-dev libncurses6 libnspr4
#15 6.082   libnspr4-dev libnss3 libnss3-dev libp11-kit-dev libpkgconf3 libpng-dev
#15 6.082   libpng16-16t64 libpthread-stubs0-dev libsqlite3-0 libssl3t64 libtasn1-6-dev
#15 6.082   libtcl8.6 libtk8.6 libunbound8 libx11-6 libx11-data libx11-dev libxau-dev
#15 6.082   libxau6 libxcb1 libxcb1-dev libxdmcp-dev libxdmcp6 libxext-dev libxext6
#15 6.082   libxft-dev libxft2 libxml2 libxmlsec1t64 libxmlsec1t64-gcrypt
2025-10-03 16:11:55.230Z: #15 6.082   libxmlsec1t64-gnutls libxmlsec1t64-nss libxmlsec1t64-openssl libxrender-dev
#15 6.082   libxrender1 libxslt1-dev libxslt1.1 libxss-dev libxss1 nettle-dev openssl
#15 6.083   pkgconf pkgconf-bin tcl tcl-dev tcl8.6 tcl8.6-dev tk tk8.6 tk8.6-dev
#15 6.083   x11-common x11proto-core-dev x11proto-dev xorg-sgml-doctools xtrans-dev
#15 6.083 Suggested packages:
#15 6.084   freetype2-doc libgcrypt20-doc gmp-doc libgmp10-doc libmpfr-dev dns-root-data
#15 6.084   gnutls-bin gnutls-doc icu-doc liblzma-doc ncurses-doc p11-kit-doc
#15 6.084   readline-doc sqlite3-doc libssl-doc libx11-doc libxcb-doc libxext-doc
#15 6.084   tcl-doc tcl-tclreadline tcl8.6-doc tk-doc tk8.6-doc
#15 6.084 Recommended packages:
#15 6.084   bzip2-doc libgpm2 libpng-tools libtasn1-doc
#15 6.180 The following NEW packages will be installed:
#15 6.180   fontconfig-config fonts-dejavu-core fonts-dejavu-mono icu-devtools
#15 6.180   libbrotli-dev libbz2-dev libevent-2.1-7t64 libffi-dev libfontconfig-dev
#15 6.180   libfontconfig1 libfontconfig1-dev libfreetype-dev libfreetype6
#15 6.180   libgcrypt20-dev libgdbm-dev libgmp-dev libgmpxx4ldbl libgnutls-dane0t64
#15 6.180   libgnutls-openssl27t64 libgnutls28-dev libgpg-error-dev libicu-dev
#15 6.180   libidn2-dev liblzma-dev libncurses-dev libncurses6 libnspr4 libnspr4-dev
#15 6.181   libnss3 libnss3-dev libp11-kit-dev libpkgconf3 libpng-dev libpng16-16t64
#15 6.181   libpthread-stubs0-dev libreadline-dev libsqlite3-dev libtasn1-6-dev
#15 6.181   libtcl8.6 libtk8.6 libunbound8 libx11-6 libx11-data libx11-dev libxau-dev
#15 6.181   libxau6 libxcb1 libxcb1-dev libxdmcp-dev libxdmcp6 libxext-dev libxext6
#15 6.181   libxft-dev libxft2 libxml2-dev libxmlsec1-dev libxmlsec1t64
#15 6.181   libxmlsec1t64-gcrypt libxmlsec1t64-gnutls libxmlsec1t64-nss
#15 6.181   libxmlsec1t64-openssl libxrender-dev libxrender1 libxslt1-dev libxslt1.1
#15 6.181   libxss-dev libxss1 nettle-dev pkgconf pkgconf-bin tcl tcl-dev tcl8.6
#15 6.181   tcl8.6-dev tk tk-dev tk8.6 tk8.6-dev uuid-dev x11-common x11proto-core-dev
#15 6.181   x11proto-dev xorg-sgml-doctools xtrans-dev
#15 6.182 The following packages will be upgraded:
#15 6.182   libgnutls30t64 libsqlite3-0 libssl-dev libssl3t64 libxml2 openssl
2025-10-03 16:11:55.404Z: #15 6.246 6 upgraded, 84 newly installed, 0 to remove and 27 not upgraded.
#15 6.246 Need to get 39.8 MB of archives.
#15 6.246 After this operation, 124 MB of additional disk space will be used.
#15 6.246 Get:1 http://archive.ubuntu.com/ubuntu noble-updates/main amd64 libssl-dev amd64 3.0.13-0ubuntu3.6 [2408 kB]
#15 6.355 Get:2 http://archive.ubuntu.com/ubuntu noble-updates/main amd64 libssl3t64 amd64 3.0.13-0ubuntu3.6 [1940 kB]
2025-10-03 16:11:55.508Z: #15 6.372 Get:3 http://archive.ubuntu.com/ubuntu noble-updates/main amd64 libgnutls30t64 amd64 3.8.3-1.1ubuntu3.4 [998 kB]
#15 6.382 Get:4 http://archive.ubuntu.com/ubuntu noble-updates/main amd64 libsqlite3-0 amd64 3.45.1-1ubuntu2.5 [701 kB]
#15 6.386 Get:5 http://archive.ubuntu.com/ubuntu noble-updates/main amd64 libxml2 amd64 2.9.14+dfsg-1.3ubuntu3.5 [763 kB]
2025-10-03 16:11:55.508Z: #15 6.390 Get:6 http://archive.ubuntu.com/ubuntu noble-updates/main amd64 openssl amd64 3.0.13-0ubuntu3.6 [1003 kB]
#15 6.396 Get:7 http://archive.ubuntu.com/ubuntu noble/main amd64 libncurses6 amd64 6.4+20240113-1ubuntu2 [112 kB]
#15 6.397 Get:8 http://archive.ubuntu.com/ubuntu noble/main amd64 libpng16-16t64 amd64 1.6.43-5build1 [187 kB]
#15 6.399 Get:9 http://archive.ubuntu.com/ubuntu noble/main amd64 libxau6 amd64 1:1.0.9-1build6 [7160 B]
#15 6.399 Get:10 http://archive.ubuntu.com/ubuntu noble/main amd64 libxdmcp6 amd64 1:1.1.3-0ubuntu6 [10.3 kB]
#15 6.400 Get:11 http://archive.ubuntu.com/ubuntu noble/main amd64 libxcb1 amd64 1.15-1ubuntu2 [47.7 kB]
#15 6.400 Get:12 http://archive.ubuntu.com/ubuntu noble/main amd64 libx11-data all 2:1.8.7-1build1 [115 kB]
#15 6.401 Get:13 http://archive.ubuntu.com/ubuntu noble/main amd64 libx11-6 amd64 2:1.8.7-1build1 [650 kB]
#15 6.410 Get:14 http://archive.ubuntu.com/ubuntu noble/main amd64 libxext6 amd64 2:1.3.4-1build2 [30.4 kB]
#15 6.411 Get:15 http://archive.ubuntu.com/ubuntu noble/main amd64 fonts-dejavu-mono all 2.37-8 [502 kB]
#15 6.415 Get:16 http://archive.ubuntu.com/ubuntu noble/main amd64 fonts-dejavu-core all 2.37-8 [835 kB]
#15 6.422 Get:17 http://archive.ubuntu.com/ubuntu noble/main amd64 fontconfig-config amd64 2.15.0-1.1ubuntu2 [37.3 kB]
#15 6.423 Get:18 http://archive.ubuntu.com/ubuntu noble-updates/main amd64 icu-devtools amd64 74.2-1ubuntu3.1 [212 kB]
#15 6.425 Get:19 http://archive.ubuntu.com/ubuntu noble/main amd64 libbrotli-dev amd64 1.1.0-2build2 [353 kB]
#15 6.428 Get:20 http://archive.ubuntu.com/ubuntu noble-updates/main amd64 libbz2-dev amd64 1.0.8-5.1build0.1 [33.6 kB]
#15 6.428 Get:21 http://archive.ubuntu.com/ubuntu noble/main amd64 libevent-2.1-7t64 amd64 2.1.12-stable-9ubuntu2 [145 kB]
#15 6.429 Get:22 http://archive.ubuntu.com/ubuntu noble/main amd64 libfreetype6 amd64 2.13.2+dfsg-1build3 [402 kB]
#15 6.432 Get:23 http://archive.ubuntu.com/ubuntu noble/main amd64 libfontconfig1 amd64 2.15.0-1.1ubuntu2 [139 kB]
#15 6.434 Get:24 http://archive.ubuntu.com/ubuntu noble/main amd64 libpng-dev amd64 1.6.43-5build1 [264 kB]
#15 6.437 Get:25 http://archive.ubuntu.com/ubuntu noble/main amd64 libfreetype-dev amd64 2.13.2+dfsg-1build3 [575 kB]
#15 6.441 Get:26 http://archive.ubuntu.com/ubuntu noble-updates/main amd64 uuid-dev amd64 2.39.3-9ubuntu6.3 [33.5 kB]
#15 6.448 Get:27 http://archive.ubuntu.com/ubuntu noble/main amd64 libpkgconf3 amd64 1.8.1-2build1 [30.7 kB]
#15 6.449 Get:28 http://archive.ubuntu.com/ubuntu noble/main amd64 pkgconf-bin amd64 1.8.1-2build1 [20.7 kB]
#15 6.449 Get:29 http://archive.ubuntu.com/ubuntu noble/main amd64 pkgconf amd64 1.8.1-2build1 [16.8 kB]
#15 6.450 Get:30 http://archive.ubuntu.com/ubuntu noble/main amd64 libfontconfig-dev amd64 2.15.0-1.1ubuntu2 [161 kB]
#15 6.451 Get:31 http://archive.ubuntu.com/ubuntu noble/main amd64 libfontconfig1-dev amd64 2.15.0-1.1ubuntu2 [1840 B]
#15 6.452 Get:32 http://archive.ubuntu.com/ubuntu noble-updates/main amd64 libgpg-error-dev amd64 1.47-3build2.1 [128 kB]
#15 6.453 Get:33 http://archive.ubuntu.com/ubuntu noble/main amd64 libgcrypt20-dev amd64 1.10.3-2build1 [592 kB]
#15 6.460 Get:34 http://archive.ubuntu.com/ubuntu noble/main amd64 libgdbm-dev amd64 1.23-5.1build1 [116 kB]
2025-10-03 16:11:55.622Z: #15 6.462 Get:35 http://archive.ubuntu.com/ubuntu noble-updates/main amd64 libgmpxx4ldbl amd64 2:6.3.0+dfsg-2ubuntu6.1 [9888 B]
#15 6.462 Get:36 http://archive.ubuntu.com/ubuntu noble-updates/main amd64 libgmp-dev amd64 2:6.3.0+dfsg-2ubuntu6.1 [340 kB]
#15 6.472 Get:37 http://archive.ubuntu.com/ubuntu noble-updates/main amd64 libunbound8 amd64 1.19.2-1ubuntu3.5 [442 kB]
#15 6.476 Get:38 http://archive.ubuntu.com/ubuntu noble-updates/main amd64 libgnutls-dane0t64 amd64 3.8.3-1.1ubuntu3.4 [23.5 kB]
#15 6.477 Get:39 http://archive.ubuntu.com/ubuntu noble-updates/main amd64 libgnutls-openssl27t64 amd64 3.8.3-1.1ubuntu3.4 [23.8 kB]
#15 6.478 Get:40 http://archive.ubuntu.com/ubuntu noble-updates/main amd64 libidn2-dev amd64 2.3.7-2build1.1 [121 kB]
#15 6.478 Get:41 http://archive.ubuntu.com/ubuntu noble-updates/main amd64 libp11-kit-dev amd64 0.25.3-4ubuntu2.1 [22.7 kB]
#15 6.479 Get:42 http://archive.ubuntu.com/ubuntu noble-updates/main amd64 libtasn1-6-dev amd64 4.19.0-3ubuntu0.24.04.1 [90.8 kB]
#15 6.480 Get:43 http://archive.ubuntu.com/ubuntu noble-updates/main amd64 nettle-dev amd64 3.9.1-2.2build1.1 [1154 kB]
#15 6.487 Get:44 http://archive.ubuntu.com/ubuntu noble-updates/main amd64 libgnutls28-dev amd64 3.8.3-1.1ubuntu3.4 [1055 kB]
#15 6.495 Get:45 http://archive.ubuntu.com/ubuntu noble-updates/main amd64 libicu-dev amd64 74.2-1ubuntu3.1 [11.9 MB]
#15 6.575 Get:46 http://archive.ubuntu.com/ubuntu noble/main amd64 libncurses-dev amd64 6.4+20240113-1ubuntu2 [384 kB]
2025-10-03 16:11:55.723Z: #15 6.579 Get:47 http://archive.ubuntu.com/ubuntu noble/main amd64 libnspr4 amd64 2:4.35-1.1build1 [117 kB]
2025-10-03 16:11:55.723Z: #15 6.580 Get:48 http://archive.ubuntu.com/ubuntu noble/main amd64 libnspr4-dev amd64 2:4.35-1.1build1 [219 kB]
#15 6.582 Get:49 http://archive.ubuntu.com/ubuntu noble/main amd64 libnss3 amd64 2:3.98-1build1 [1445 kB]
#15 6.591 Get:50 http://archive.ubuntu.com/ubuntu noble/main amd64 libnss3-dev amd64 2:3.98-1build1 [253 kB]
#15 6.592 Get:51 http://archive.ubuntu.com/ubuntu noble/main amd64 libpthread-stubs0-dev amd64 0.4-1build3 [4746 B]
#15 6.593 Get:52 http://archive.ubuntu.com/ubuntu noble/main amd64 libreadline-dev amd64 8.2-4build1 [167 kB]
#15 6.594 Get:53 http://archive.ubuntu.com/ubuntu noble-updates/main amd64 libsqlite3-dev amd64 3.45.1-1ubuntu2.5 [911 kB]
#15 6.599 Get:54 http://archive.ubuntu.com/ubuntu noble/main amd64 libtcl8.6 amd64 8.6.14+dfsg-1build1 [988 kB]
#15 6.605 Get:55 http://archive.ubuntu.com/ubuntu noble/main amd64 libxrender1 amd64 1:0.9.10-1.1build1 [19.0 kB]
#15 6.606 Get:56 http://archive.ubuntu.com/ubuntu noble/main amd64 libxft2 amd64 2.3.6-1build1 [45.3 kB]
#15 6.606 Get:57 http://archive.ubuntu.com/ubuntu noble/main amd64 x11-common all 1:7.7+23ubuntu3 [21.7 kB]
#15 6.607 Get:58 http://archive.ubuntu.com/ubuntu noble/main amd64 libxss1 amd64 1:1.2.3-1build3 [7204 B]
#15 6.613 Get:59 http://archive.ubuntu.com/ubuntu noble/main amd64 libtk8.6 amd64 8.6.14-1build1 [779 kB]
#15 6.618 Get:60 http://archive.ubuntu.com/ubuntu noble/main amd64 xorg-sgml-doctools all 1:1.11-1.1 [10.9 kB]
#15 6.618 Get:61 http://archive.ubuntu.com/ubuntu noble/main amd64 x11proto-dev all 2023.2-1 [602 kB]
#15 6.622 Get:62 http://archive.ubuntu.com/ubuntu noble/main amd64 libxau-dev amd64 1:1.0.9-1build6 [9570 B]
#15 6.622 Get:63 http://archive.ubuntu.com/ubuntu noble/main amd64 x11proto-core-dev all 2023.2-1 [2444 B]
#15 6.625 Get:64 http://archive.ubuntu.com/ubuntu noble/main amd64 libxdmcp-dev amd64 1:1.1.3-0ubuntu6 [26.5 kB]
#15 6.626 Get:65 http://archive.ubuntu.com/ubuntu noble/main amd64 xtrans-dev all 1.4.0-1 [68.9 kB]
#15 6.627 Get:66 http://archive.ubuntu.com/ubuntu noble/main amd64 libxcb1-dev amd64 1.15-1ubuntu2 [85.8 kB]
#15 6.627 Get:67 http://archive.ubuntu.com/ubuntu noble/main amd64 libx11-dev amd64 2:1.8.7-1build1 [732 kB]
#15 6.632 Get:68 http://archive.ubuntu.com/ubuntu noble/main amd64 libxext-dev amd64 2:1.3.4-1build2 [83.5 kB]
#15 6.637 Get:69 http://archive.ubuntu.com/ubuntu noble/main amd64 libxrender-dev amd64 1:0.9.10-1.1build1 [26.3 kB]
2025-10-03 16:11:55.724Z: #15 6.638 Get:70 http://archive.ubuntu.com/ubuntu noble/main amd64 libxft-dev amd64 2.3.6-1build1 [64.3 kB]
#15 6.639 Get:71 http://archive.ubuntu.com/ubuntu noble-updates/main amd64 libxml2-dev amd64 2.9.14+dfsg-1.3ubuntu3.5 [781 kB]
#15 6.644 Get:72 http://archive.ubuntu.com/ubuntu noble-updates/main amd64 libxslt1.1 amd64 1.1.39-0exp1ubuntu0.24.04.2 [167 kB]
#15 6.645 Get:73 http://archive.ubuntu.com/ubuntu noble/main amd64 libxmlsec1t64 amd64 1.2.39-5build2 [153 kB]
#15 6.650 Get:74 http://archive.ubuntu.com/ubuntu noble/main amd64 libxmlsec1t64-gcrypt amd64 1.2.39-5build2 [42.8 kB]
2025-10-03 16:11:55.724Z: #15 6.650 Get:75 http://archive.ubuntu.com/ubuntu noble/main amd64 libxmlsec1t64-gnutls amd64 1.2.39-5build2 [35.0 kB]
#15 6.651 Get:76 http://archive.ubuntu.com/ubuntu noble/main amd64 libxmlsec1t64-nss amd64 1.2.39-5build2 [63.0 kB]
#15 6.651 Get:77 http://archive.ubuntu.com/ubuntu noble/main amd64 libxmlsec1t64-openssl amd64 1.2.39-5build2 [84.1 kB]
#15 6.652 Get:78 http://archive.ubuntu.com/ubuntu noble-updates/main amd64 libxslt1-dev amd64 1.1.39-0exp1ubuntu0.24.04.2 [91.9 kB]
#15 6.662 Get:79 http://archive.ubuntu.com/ubuntu noble/main amd64 libxmlsec1-dev amd64 1.2.39-5build2 [435 kB]
#15 6.665 Get:80 http://archive.ubuntu.com/ubuntu noble/main amd64 libxss-dev amd64 1:1.2.3-1build3 [12.1 kB]
#15 6.665 Get:81 http://archive.ubuntu.com/ubuntu noble/main amd64 tcl8.6 amd64 8.6.14+dfsg-1build1 [14.7 kB]
#15 6.666 Get:82 http://archive.ubuntu.com/ubuntu noble/main amd64 tcl amd64 8.6.14build1 [4124 B]
#15 6.666 Get:83 http://archive.ubuntu.com/ubuntu noble/main amd64 tcl8.6-dev amd64 8.6.14+dfsg-1build1 [1000 kB]
#15 6.674 Get:84 http://archive.ubuntu.com/ubuntu noble/main amd64 tcl-dev amd64 8.6.14build1 [5782 B]
#15 6.675 Get:85 http://archive.ubuntu.com/ubuntu noble/main amd64 tk8.6 amd64 8.6.14-1build1 [12.5 kB]
#15 6.675 Get:86 http://archive.ubuntu.com/ubuntu noble/main amd64 tk amd64 8.6.14build1 [3076 B]
#15 6.675 Get:87 http://archive.ubuntu.com/ubuntu noble/main amd64 tk8.6-dev amd64 8.6.14-1build1 [788 kB]
2025-10-03 16:11:55.885Z: #15 6.680 Get:88 http://archive.ubuntu.com/ubuntu noble/main amd64 tk-dev amd64 8.6.14build1 [2914 B]
#15 6.686 Get:89 http://archive.ubuntu.com/ubuntu noble/main amd64 libffi-dev amd64 3.4.6-1build1 [62.8 kB]
#15 6.687 Get:90 http://archive.ubuntu.com/ubuntu noble-updates/main amd64 liblzma-dev amd64 5.6.1+really5.4.5-1ubuntu0.2 [176 kB]
2025-10-03 16:11:59.522Z: #15 10.47 Fetched 39.8 MB in 0s (80.6 MB/s)2025-10-03 16:11:59.522Z: 
2025-10-03 16:11:59.974Z: #15 10.93 (Reading database ... 
2025-10-03 16:12:00.123Z: (Reading database ... 5%
(Reading database ... 10%
(Reading database ... 15%
(Reading database ... 20%
(Reading database ... 25%
(Reading database ... 30%
(Reading database ... 35%
(Reading database ... 40%
(Reading database ... 45%
(Reading database ... 50%
(Reading database ... 55%
(Reading database ... 60%
(Reading database ... 65%
(Reading database ... 70%
(Reading database ... 75%
(Reading database ... 80%
(Reading database ... 85%
(Reading database ... 90%
2025-10-03 16:12:00.262Z: (Reading database ... 95%
2025-10-03 16:12:00.476Z: (Reading database ... 100%
(Reading database ... 20530 files and directories currently installed.)

#15 11.27 Preparing to unpack .../libssl-dev_3.0.13-0ubuntu3.6_amd64.deb ...

#15 11.28 Unpacking libssl-dev:amd64 (3.0.13-0ubuntu3.6) over (3.0.13-0ubuntu3.5) ...

2025-10-03 16:12:02.965Z: #15 13.92 Preparing to unpack .../libssl3t64_3.0.13-0ubuntu3.6_amd64.deb ...

2025-10-03 16:12:03.125Z: #15 13.93 Unpacking libssl3t64:amd64 (3.0.13-0ubuntu3.6) over (3.0.13-0ubuntu3.5) ...

2025-10-03 16:12:03.251Z: #15 14.20 Setting up libssl3t64:amd64 (3.0.13-0ubuntu3.6) ...

2025-10-03 16:12:03.451Z: #15 14.24 (Reading database ... 
(Reading database ... 5%
(Reading database ... 10%
(Reading database ... 15%
(Reading database ... 20%
(Reading database ... 25%
(Reading database ... 30%
(Reading database ... 35%
(Reading database ... 40%
(Reading database ... 45%
(Reading database ... 50%
(Reading database ... 55%
(Reading database ... 60%
(Reading database ... 65%
(Reading database ... 70%
(Reading database ... 75%
(Reading database ... 80%
(Reading database ... 85%
(Reading database ... 90%
(Reading database ... 95%
(Reading database ... 100%
(Reading database ... 20530 files and directories currently installed.)

#15 14.25 Preparing to unpack .../libgnutls30t64_3.8.3-1.1ubuntu3.4_amd64.deb ...

#15 14.25 Unpacking libgnutls30t64:amd64 (3.8.3-1.1ubuntu3.4) over (3.8.3-1.1ubuntu3.3) ...

2025-10-03 16:12:03.475Z: #15 14.43 Setting up libgnutls30t64:amd64 (3.8.3-1.1ubuntu3.4) ...

2025-10-03 16:12:03.684Z: #15 14.47 (Reading database ... 
(Reading database ... 5%
(Reading database ... 10%
(Reading database ... 15%
(Reading database ... 20%
(Reading database ... 25%
(Reading database ... 30%
(Reading database ... 35%
(Reading database ... 40%
(Reading database ... 45%
(Reading database ... 50%
(Reading database ... 55%
(Reading database ... 60%
(Reading database ... 65%
(Reading database ... 70%
(Reading database ... 75%
(Reading database ... 80%
(Reading database ... 85%
(Reading database ... 90%
(Reading database ... 95%
(Reading database ... 100%
(Reading database ... 20530 files and directories currently installed.)

#15 14.48 Preparing to unpack .../00-libsqlite3-0_3.45.1-1ubuntu2.5_amd64.deb ...

#15 14.49 Unpacking libsqlite3-0:amd64 (3.45.1-1ubuntu2.5) over (3.45.1-1ubuntu2.3) ...

2025-10-03 16:12:03.823Z: #15 14.78 Preparing to unpack .../01-libxml2_2.9.14+dfsg-1.3ubuntu3.5_amd64.deb ...

2025-10-03 16:12:03.980Z: #15 14.78 Unpacking libxml2:amd64 (2.9.14+dfsg-1.3ubuntu3.5) over (2.9.14+dfsg-1.3ubuntu3.3) ...

2025-10-03 16:12:04.367Z: #15 15.32 Preparing to unpack .../02-openssl_3.0.13-0ubuntu3.6_amd64.deb ...

2025-10-03 16:12:04.525Z: #15 15.33 Unpacking openssl (3.0.13-0ubuntu3.6) over (3.0.13-0ubuntu3.5) ...

2025-10-03 16:12:04.610Z: #15 15.56 Selecting previously unselected package libncurses6:amd64.

2025-10-03 16:12:04.742Z: #15 15.57 Preparing to unpack .../03-libncurses6_6.4+20240113-1ubuntu2_amd64.deb ...

#15 15.57 Unpacking libncurses6:amd64 (6.4+20240113-1ubuntu2) ...

#15 15.59 Selecting previously unselected package libpng16-16t64:amd64.

#15 15.59 Preparing to unpack .../04-libpng16-16t64_1.6.43-5build1_amd64.deb ...

#15 15.60 Unpacking libpng16-16t64:amd64 (1.6.43-5build1) ...

#15 15.69 Selecting previously unselected package libxau6:amd64.

2025-10-03 16:12:04.860Z: #15 15.70 Preparing to unpack .../05-libxau6_1%3a1.0.9-1build6_amd64.deb ...

#15 15.70 Unpacking libxau6:amd64 (1:1.0.9-1build6) ...

#15 15.72 Selecting previously unselected package libxdmcp6:amd64.

#15 15.72 Preparing to unpack .../06-libxdmcp6_1%3a1.1.3-0ubuntu6_amd64.deb ...

#15 15.81 Unpacking libxdmcp6:amd64 (1:1.1.3-0ubuntu6) ...

2025-10-03 16:12:04.982Z: #15 15.83 Selecting previously unselected package libxcb1:amd64.

#15 15.84 Preparing to unpack .../07-libxcb1_1.15-1ubuntu2_amd64.deb ...

#15 15.84 Unpacking libxcb1:amd64 (1.15-1ubuntu2) ...

#15 15.86 Selecting previously unselected package libx11-data.

#15 15.86 Preparing to unpack .../08-libx11-data_2%3a1.8.7-1build1_all.deb ...

#15 15.87 Unpacking libx11-data (2:1.8.7-1build1) ...

#15 15.94 Selecting previously unselected package libx11-6:amd64.

2025-10-03 16:12:05.083Z: #15 15.94 Preparing to unpack .../09-libx11-6_2%3a1.8.7-1build1_amd64.deb ...
2025-10-03 16:12:05.083Z: 
#15 15.94 Unpacking libx11-6:amd64 (2:1.8.7-1build1) ...

#15 15.97 Selecting previously unselected package libxext6:amd64.

#15 15.97 Preparing to unpack .../10-libxext6_2%3a1.3.4-1build2_amd64.deb ...

#15 15.97 Unpacking libxext6:amd64 (2:1.3.4-1build2) ...

#15 16.00 Selecting previously unselected package fonts-dejavu-mono.

#15 16.00 Preparing to unpack .../11-fonts-dejavu-mono_2.37-8_all.deb ...

#15 16.00 Unpacking fonts-dejavu-mono (2.37-8) ...

#15 16.03 Selecting previously unselected package fonts-dejavu-core.

#15 16.04 Preparing to unpack .../12-fonts-dejavu-core_2.37-8_all.deb ...

2025-10-03 16:12:05.281Z: #15 16.05 Unpacking fonts-dejavu-core (2.37-8) ...

#15 16.09 Selecting previously unselected package fontconfig-config.

#15 16.09 Preparing to unpack .../13-fontconfig-config_2.15.0-1.1ubuntu2_amd64.deb ...

#15 16.23 Unpacking fontconfig-config (2.15.0-1.1ubuntu2) ...

2025-10-03 16:12:05.383Z: #15 16.27 Selecting previously unselected package icu-devtools.

#15 16.27 Preparing to unpack .../14-icu-devtools_74.2-1ubuntu3.1_amd64.deb ...

#15 16.27 Unpacking icu-devtools (74.2-1ubuntu3.1) ...

#15 16.30 Selecting previously unselected package libbrotli-dev:amd64.
2025-10-03 16:12:05.383Z: 
#15 16.30 Preparing to unpack .../15-libbrotli-dev_1.1.0-2build2_amd64.deb ...

#15 16.30 Unpacking libbrotli-dev:amd64 (1.1.0-2build2) ...

#15 16.33 Selecting previously unselected package libbz2-dev:amd64.

#15 16.33 Preparing to unpack .../16-libbz2-dev_1.0.8-5.1build0.1_amd64.deb ...

#15 16.34 Unpacking libbz2-dev:amd64 (1.0.8-5.1build0.1) ...

2025-10-03 16:12:05.499Z: #15 16.36 Selecting previously unselected package libevent-2.1-7t64:amd64.

#15 16.36 Preparing to unpack .../17-libevent-2.1-7t64_2.1.12-stable-9ubuntu2_amd64.deb ...

#15 16.37 Unpacking libevent-2.1-7t64:amd64 (2.1.12-stable-9ubuntu2) ...

#15 16.39 Selecting previously unselected package libfreetype6:amd64.

#15 16.39 Preparing to unpack .../18-libfreetype6_2.13.2+dfsg-1build3_amd64.deb ...

#15 16.40 Unpacking libfreetype6:amd64 (2.13.2+dfsg-1build3) ...

#15 16.42 Selecting previously unselected package libfontconfig1:amd64.

#15 16.43 Preparing to unpack .../19-libfontconfig1_2.15.0-1.1ubuntu2_amd64.deb ...

#15 16.43 Unpacking libfontconfig1:amd64 (2.15.0-1.1ubuntu2) ...

#15 16.45 Selecting previously unselected package libpng-dev:amd64.

2025-10-03 16:12:05.608Z: #15 16.45 Preparing to unpack .../20-libpng-dev_1.6.43-5build1_amd64.deb ...

#15 16.46 Unpacking libpng-dev:amd64 (1.6.43-5build1) ...

#15 16.56 Selecting previously unselected package libfreetype-dev:amd64.

2025-10-03 16:12:05.709Z: #15 16.56 Preparing to unpack .../21-libfreetype-dev_2.13.2+dfsg-1build3_amd64.deb ...

#15 16.57 Unpacking libfreetype-dev:amd64 (2.13.2+dfsg-1build3) ...

#15 16.60 Selecting previously unselected package uuid-dev:amd64.

#15 16.60 Preparing to unpack .../22-uuid-dev_2.39.3-9ubuntu6.3_amd64.deb ...

#15 16.61 Unpacking uuid-dev:amd64 (2.39.3-9ubuntu6.3) ...

#15 16.63 Selecting previously unselected package libpkgconf3:amd64.

#15 16.64 Preparing to unpack .../23-libpkgconf3_1.8.1-2build1_amd64.deb ...
2025-10-03 16:12:05.710Z: 
#15 16.64 Unpacking libpkgconf3:amd64 (1.8.1-2build1) ...

#15 16.66 Selecting previously unselected package pkgconf-bin.

2025-10-03 16:12:05.812Z: #15 16.66 Preparing to unpack .../24-pkgconf-bin_1.8.1-2build1_amd64.deb ...

#15 16.67 Unpacking pkgconf-bin (1.8.1-2build1) ...

#15 16.69 Selecting previously unselected package pkgconf:amd64.

#15 16.69 Preparing to unpack .../25-pkgconf_1.8.1-2build1_amd64.deb ...

#15 16.70 Unpacking pkgconf:amd64 (1.8.1-2build1) ...

#15 16.76 Selecting previously unselected package libfontconfig-dev:amd64.

#15 16.76 Preparing to unpack .../26-libfontconfig-dev_2.15.0-1.1ubuntu2_amd64.deb ...

2025-10-03 16:12:05.948Z: #15 16.77 Unpacking libfontconfig-dev:amd64 (2.15.0-1.1ubuntu2) ...

#15 16.84 Selecting previously unselected package libfontconfig1-dev:amd64.

#15 16.84 Preparing to unpack .../27-libfontconfig1-dev_2.15.0-1.1ubuntu2_amd64.deb ...

#15 16.90 Unpacking libfontconfig1-dev:amd64 (2.15.0-1.1ubuntu2) ...

2025-10-03 16:12:06.068Z: #15 16.94 Selecting previously unselected package libgpg-error-dev.

#15 16.94 Preparing to unpack .../28-libgpg-error-dev_1.47-3build2.1_amd64.deb ...

#15 16.94 Unpacking libgpg-error-dev (1.47-3build2.1) ...

#15 16.99 Selecting previously unselected package libgcrypt20-dev.

#15 16.99 Preparing to unpack .../29-libgcrypt20-dev_1.10.3-2build1_amd64.deb ...

#15 16.99 Unpacking libgcrypt20-dev (1.10.3-2build1) ...

#15 17.02 Selecting previously unselected package libgdbm-dev:amd64.

2025-10-03 16:12:06.194Z: #15 17.02 Preparing to unpack .../30-libgdbm-dev_1.23-5.1build1_amd64.deb ...

#15 17.03 Unpacking libgdbm-dev:amd64 (1.23-5.1build1) ...

#15 17.05 Selecting previously unselected package libgmpxx4ldbl:amd64.

#15 17.05 Preparing to unpack .../31-libgmpxx4ldbl_2%3a6.3.0+dfsg-2ubuntu6.1_amd64.deb ...

#15 17.05 Unpacking libgmpxx4ldbl:amd64 (2:6.3.0+dfsg-2ubuntu6.1) ...

2025-10-03 16:12:06.194Z: #15 17.08 Selecting previously unselected package libgmp-dev:amd64.

#15 17.08 Preparing to unpack .../32-libgmp-dev_2%3a6.3.0+dfsg-2ubuntu6.1_amd64.deb ...

#15 17.08 Unpacking libgmp-dev:amd64 (2:6.3.0+dfsg-2ubuntu6.1) ...

#15 17.11 Selecting previously unselected package libunbound8:amd64.

#15 17.11 Preparing to unpack .../33-libunbound8_1.19.2-1ubuntu3.5_amd64.deb ...

#15 17.12 Unpacking libunbound8:amd64 (1.19.2-1ubuntu3.5) ...

#15 17.15 Selecting previously unselected package libgnutls-dane0t64:amd64.

2025-10-03 16:12:06.337Z: #15 17.15 Preparing to unpack .../34-libgnutls-dane0t64_3.8.3-1.1ubuntu3.4_amd64.deb ...

#15 17.15 Unpacking libgnutls-dane0t64:amd64 (3.8.3-1.1ubuntu3.4) ...

#15 17.18 Selecting previously unselected package libgnutls-openssl27t64:amd64.

#15 17.18 Preparing to unpack .../35-libgnutls-openssl27t64_3.8.3-1.1ubuntu3.4_amd64.deb ...

#15 17.18 Unpacking libgnutls-openssl27t64:amd64 (3.8.3-1.1ubuntu3.4) ...

#15 17.20 Selecting previously unselected package libidn2-dev:amd64.

#15 17.21 Preparing to unpack .../36-libidn2-dev_2.3.7-2build1.1_amd64.deb ...

#15 17.24 Unpacking libidn2-dev:amd64 (2.3.7-2build1.1) ...

#15 17.29 Selecting previously unselected package libp11-kit-dev:amd64.

2025-10-03 16:12:06.442Z: #15 17.29 Preparing to unpack .../37-libp11-kit-dev_0.25.3-4ubuntu2.1_amd64.deb ...
2025-10-03 16:12:06.443Z: 
#15 17.29 Unpacking libp11-kit-dev:amd64 (0.25.3-4ubuntu2.1) ...

#15 17.32 Selecting previously unselected package libtasn1-6-dev:amd64.

#15 17.32 Preparing to unpack .../38-libtasn1-6-dev_4.19.0-3ubuntu0.24.04.1_amd64.deb ...

#15 17.32 Unpacking libtasn1-6-dev:amd64 (4.19.0-3ubuntu0.24.04.1) ...

#15 17.35 Selecting previously unselected package nettle-dev:amd64.

#15 17.35 Preparing to unpack .../39-nettle-dev_3.9.1-2.2build1.1_amd64.deb ...

#15 17.35 Unpacking nettle-dev:amd64 (3.9.1-2.2build1.1) ...

#15 17.40 Selecting previously unselected package libgnutls28-dev:amd64.

2025-10-03 16:12:06.647Z: #15 17.40 Preparing to unpack .../40-libgnutls28-dev_3.8.3-1.1ubuntu3.4_amd64.deb ...

#15 17.40 Unpacking libgnutls28-dev:amd64 (3.8.3-1.1ubuntu3.4) ...

#15 17.44 Selecting previously unselected package libicu-dev:amd64.

#15 17.45 Preparing to unpack .../41-libicu-dev_74.2-1ubuntu3.1_amd64.deb ...

#15 17.45 Unpacking libicu-dev:amd64 (74.2-1ubuntu3.1) ...

2025-10-03 16:12:06.748Z: #15 17.70 Selecting previously unselected package libncurses-dev:amd64.

2025-10-03 16:12:06.865Z: #15 17.70 Preparing to unpack .../42-libncurses-dev_6.4+20240113-1ubuntu2_amd64.deb ...

#15 17.71 Unpacking libncurses-dev:amd64 (6.4+20240113-1ubuntu2) ...

#15 17.75 Selecting previously unselected package libnspr4:amd64.

#15 17.75 Preparing to unpack .../43-libnspr4_2%3a4.35-1.1build1_amd64.deb ...

#15 17.75 Unpacking libnspr4:amd64 (2:4.35-1.1build1) ...

#15 17.77 Selecting previously unselected package libnspr4-dev.

#15 17.78 Preparing to unpack .../44-libnspr4-dev_2%3a4.35-1.1build1_amd64.deb ...

#15 17.78 Unpacking libnspr4-dev (2:4.35-1.1build1) ...

#15 17.82 Selecting previously unselected package libnss3:amd64.

2025-10-03 16:12:06.980Z: #15 17.82 Preparing to unpack .../45-libnss3_2%3a3.98-1build1_amd64.deb ...

#15 17.82 Unpacking libnss3:amd64 (2:3.98-1build1) ...

#15 17.86 Selecting previously unselected package libnss3-dev:amd64.

2025-10-03 16:12:06.980Z: #15 17.86 Preparing to unpack .../46-libnss3-dev_2%3a3.98-1build1_amd64.deb ...

#15 17.87 Unpacking libnss3-dev:amd64 (2:3.98-1build1) ...

#15 17.91 Selecting previously unselected package libpthread-stubs0-dev:amd64.

#15 17.91 Preparing to unpack .../47-libpthread-stubs0-dev_0.4-1build3_amd64.deb ...

#15 17.91 Unpacking libpthread-stubs0-dev:amd64 (0.4-1build3) ...

#15 17.93 Selecting previously unselected package libreadline-dev:amd64.

2025-10-03 16:12:07.147Z: #15 17.94 Preparing to unpack .../48-libreadline-dev_8.2-4build1_amd64.deb ...

#15 17.94 Unpacking libreadline-dev:amd64 (8.2-4build1) ...
2025-10-03 16:12:07.147Z: 
#15 17.98 Selecting previously unselected package libsqlite3-dev:amd64.

#15 17.98 Preparing to unpack .../49-libsqlite3-dev_3.45.1-1ubuntu2.5_amd64.deb ...

#15 17.99 Unpacking libsqlite3-dev:amd64 (3.45.1-1ubuntu2.5) ...

#15 18.02 Selecting previously unselected package libtcl8.6:amd64.

#15 18.02 Preparing to unpack .../50-libtcl8.6_8.6.14+dfsg-1build1_amd64.deb ...

#15 18.03 Unpacking libtcl8.6:amd64 (8.6.14+dfsg-1build1) ...

#15 18.10 Selecting previously unselected package libxrender1:amd64.

2025-10-03 16:12:07.249Z: #15 18.10 Preparing to unpack .../51-libxrender1_1%3a0.9.10-1.1build1_amd64.deb ...

#15 18.10 Unpacking libxrender1:amd64 (1:0.9.10-1.1build1) ...

#15 18.13 Selecting previously unselected package libxft2:amd64.

#15 18.13 Preparing to unpack .../52-libxft2_2.3.6-1build1_amd64.deb ...
2025-10-03 16:12:07.249Z: 
#15 18.13 Unpacking libxft2:amd64 (2.3.6-1build1) ...

#15 18.16 Selecting previously unselected package x11-common.

#15 18.16 Preparing to unpack .../53-x11-common_1%3a7.7+23ubuntu3_all.deb ...

#15 18.16 Unpacking x11-common (1:7.7+23ubuntu3) ...

#15 18.20 Selecting previously unselected package libxss1:amd64.

#15 18.20 Preparing to unpack .../54-libxss1_1%3a1.2.3-1build3_amd64.deb ...

#15 18.20 Unpacking libxss1:amd64 (1:1.2.3-1build3) ...

2025-10-03 16:12:07.370Z: #15 18.23 Selecting previously unselected package libtk8.6:amd64.

#15 18.23 Preparing to unpack .../55-libtk8.6_8.6.14-1build1_amd64.deb ...

#15 18.23 Unpacking libtk8.6:amd64 (8.6.14-1build1) ...

#15 18.27 Selecting previously unselected package xorg-sgml-doctools.

2025-10-03 16:12:07.370Z: #15 18.28 Preparing to unpack .../56-xorg-sgml-doctools_1%3a1.11-1.1_all.deb ...

#15 18.30 Unpacking xorg-sgml-doctools (1:1.11-1.1) ...

#15 18.32 Selecting previously unselected package x11proto-dev.

2025-10-03 16:12:07.479Z: #15 18.32 Preparing to unpack .../57-x11proto-dev_2023.2-1_all.deb ...

#15 18.33 Unpacking x11proto-dev (2023.2-1) ...

#15 18.38 Selecting previously unselected package libxau-dev:amd64.

#15 18.38 Preparing to unpack .../58-libxau-dev_1%3a1.0.9-1build6_amd64.deb ...

#15 18.38 Unpacking libxau-dev:amd64 (1:1.0.9-1build6) ...

#15 18.41 Selecting previously unselected package x11proto-core-dev.

#15 18.41 Preparing to unpack .../59-x11proto-core-dev_2023.2-1_all.deb ...

#15 18.41 Unpacking x11proto-core-dev (2023.2-1) ...

#15 18.43 Selecting previously unselected package libxdmcp-dev:amd64.

2025-10-03 16:12:07.605Z: #15 18.43 Preparing to unpack .../60-libxdmcp-dev_1%3a1.1.3-0ubuntu6_amd64.deb ...
2025-10-03 16:12:07.605Z: 
#15 18.44 Unpacking libxdmcp-dev:amd64 (1:1.1.3-0ubuntu6) ...

#15 18.46 Selecting previously unselected package xtrans-dev.

#15 18.46 Preparing to unpack .../61-xtrans-dev_1.4.0-1_all.deb ...

#15 18.47 Unpacking xtrans-dev (1.4.0-1) ...

#15 18.49 Selecting previously unselected package libxcb1-dev:amd64.

#15 18.49 Preparing to unpack .../62-libxcb1-dev_1.15-1ubuntu2_amd64.deb ...

#15 18.50 Unpacking libxcb1-dev:amd64 (1.15-1ubuntu2) ...

#15 18.52 Selecting previously unselected package libx11-dev:amd64.

#15 18.52 Preparing to unpack .../63-libx11-dev_2%3a1.8.7-1build1_amd64.deb ...

#15 18.52 Unpacking libx11-dev:amd64 (2:1.8.7-1build1) ...

#15 18.56 Selecting previously unselected package libxext-dev:amd64.

2025-10-03 16:12:07.711Z: #15 18.56 Preparing to unpack .../64-libxext-dev_2%3a1.3.4-1build2_amd64.deb ...
2025-10-03 16:12:07.712Z: 
#15 18.56 Unpacking libxext-dev:amd64 (2:1.3.4-1build2) ...

#15 18.59 Selecting previously unselected package libxrender-dev:amd64.

#15 18.59 Preparing to unpack .../65-libxrender-dev_1%3a0.9.10-1.1build1_amd64.deb ...

#15 18.59 Unpacking libxrender-dev:amd64 (1:0.9.10-1.1build1) ...

#15 18.64 Selecting previously unselected package libxft-dev:amd64.

#15 18.64 Preparing to unpack .../66-libxft-dev_2.3.6-1build1_amd64.deb ...

#15 18.64 Unpacking libxft-dev:amd64 (2.3.6-1build1) ...

#15 18.66 Selecting previously unselected package libxml2-dev:amd64.

2025-10-03 16:12:07.823Z: #15 18.67 Preparing to unpack .../67-libxml2-dev_2.9.14+dfsg-1.3ubuntu3.5_amd64.deb ...
2025-10-03 16:12:07.823Z: 
#15 18.67 Unpacking libxml2-dev:amd64 (2.9.14+dfsg-1.3ubuntu3.5) ...

#15 18.71 Selecting previously unselected package libxslt1.1:amd64.

#15 18.72 Preparing to unpack .../68-libxslt1.1_1.1.39-0exp1ubuntu0.24.04.2_amd64.deb ...

#15 18.72 Unpacking libxslt1.1:amd64 (1.1.39-0exp1ubuntu0.24.04.2) ...

#15 18.74 Selecting previously unselected package libxmlsec1t64:amd64.

#15 18.75 Preparing to unpack .../69-libxmlsec1t64_1.2.39-5build2_amd64.deb ...

#15 18.75 Unpacking libxmlsec1t64:amd64 (1.2.39-5build2) ...

#15 18.78 Selecting previously unselected package libxmlsec1t64-gcrypt:amd64.

2025-10-03 16:12:07.943Z: #15 18.78 Preparing to unpack .../70-libxmlsec1t64-gcrypt_1.2.39-5build2_amd64.deb ...
2025-10-03 16:12:07.943Z: 
#15 18.78 Unpacking libxmlsec1t64-gcrypt:amd64 (1.2.39-5build2) ...

#15 18.81 Selecting previously unselected package libxmlsec1t64-gnutls:amd64.

#15 18.81 Preparing to unpack .../71-libxmlsec1t64-gnutls_1.2.39-5build2_amd64.deb ...

#15 18.81 Unpacking libxmlsec1t64-gnutls:amd64 (1.2.39-5build2) ...

#15 18.84 Selecting previously unselected package libxmlsec1t64-nss:amd64.

#15 18.84 Preparing to unpack .../72-libxmlsec1t64-nss_1.2.39-5build2_amd64.deb ...

#15 18.84 Unpacking libxmlsec1t64-nss:amd64 (1.2.39-5build2) ...

#15 18.87 Selecting previously unselected package libxmlsec1t64-openssl:amd64.

#15 18.87 Preparing to unpack .../73-libxmlsec1t64-openssl_1.2.39-5build2_amd64.deb ...

#15 18.87 Unpacking libxmlsec1t64-openssl:amd64 (1.2.39-5build2) ...

#15 18.90 Selecting previously unselected package libxslt1-dev:amd64.

2025-10-03 16:12:08.062Z: #15 18.90 Preparing to unpack .../74-libxslt1-dev_1.1.39-0exp1ubuntu0.24.04.2_amd64.deb ...

2025-10-03 16:12:08.062Z: #15 18.90 Unpacking libxslt1-dev:amd64 (1.1.39-0exp1ubuntu0.24.04.2) ...

#15 18.93 Selecting previously unselected package libxmlsec1-dev.

#15 18.94 Preparing to unpack .../75-libxmlsec1-dev_1.2.39-5build2_amd64.deb ...

#15 18.94 Unpacking libxmlsec1-dev (1.2.39-5build2) ...

#15 18.99 Selecting previously unselected package libxss-dev:amd64.

#15 18.99 Preparing to unpack .../76-libxss-dev_1%3a1.2.3-1build3_amd64.deb ...

#15 18.99 Unpacking libxss-dev:amd64 (1:1.2.3-1build3) ...

#15 19.01 Selecting previously unselected package tcl8.6.

2025-10-03 16:12:08.166Z: #15 19.02 Preparing to unpack .../77-tcl8.6_8.6.14+dfsg-1build1_amd64.deb ...

#15 19.02 Unpacking tcl8.6 (8.6.14+dfsg-1build1) ...

#15 19.04 Selecting previously unselected package tcl.

#15 19.04 Preparing to unpack .../78-tcl_8.6.14build1_amd64.deb ...

#15 19.05 Unpacking tcl (8.6.14build1) ...

#15 19.07 Selecting previously unselected package tcl8.6-dev:amd64.

#15 19.07 Preparing to unpack .../79-tcl8.6-dev_8.6.14+dfsg-1build1_amd64.deb ...

#15 19.07 Unpacking tcl8.6-dev:amd64 (8.6.14+dfsg-1build1) ...

#15 19.12 Selecting previously unselected package tcl-dev:amd64.

2025-10-03 16:12:08.266Z: #15 19.12 Preparing to unpack .../80-tcl-dev_8.6.14build1_amd64.deb ...

#15 19.14 Unpacking tcl-dev:amd64 (8.6.14build1) ...

#15 19.16 Selecting previously unselected package tk8.6.

#15 19.17 Preparing to unpack .../81-tk8.6_8.6.14-1build1_amd64.deb ...

#15 19.17 Unpacking tk8.6 (8.6.14-1build1) ...

#15 19.19 Selecting previously unselected package tk.

#15 19.19 Preparing to unpack .../82-tk_8.6.14build1_amd64.deb ...

#15 19.20 Unpacking tk (8.6.14build1) ...

#15 19.22 Selecting previously unselected package tk8.6-dev:amd64.

#15 19.22 Preparing to unpack .../83-tk8.6-dev_8.6.14-1build1_amd64.deb ...

2025-10-03 16:12:08.382Z: #15 19.22 Unpacking tk8.6-dev:amd64 (8.6.14-1build1) ...

#15 19.26 Selecting previously unselected package tk-dev:amd64.

#15 19.26 Preparing to unpack .../84-tk-dev_8.6.14build1_amd64.deb ...

#15 19.27 Unpacking tk-dev:amd64 (8.6.14build1) ...

#15 19.30 Selecting previously unselected package libffi-dev:amd64.

#15 19.31 Preparing to unpack .../85-libffi-dev_3.4.6-1build1_amd64.deb ...

#15 19.31 Unpacking libffi-dev:amd64 (3.4.6-1build1) ...

#15 19.33 Selecting previously unselected package liblzma-dev:amd64.

2025-10-03 16:12:08.564Z: #15 19.34 Preparing to unpack .../86-liblzma-dev_5.6.1+really5.4.5-1ubuntu0.2_amd64.deb ...

#15 19.34 Unpacking liblzma-dev:amd64 (5.6.1+really5.4.5-1ubuntu0.2) ...

#15 19.38 Setting up libgnutls-openssl27t64:amd64 (3.8.3-1.1ubuntu3.4) ...
2025-10-03 16:12:08.565Z: 
#15 19.39 Setting up libxau6:amd64 (1:1.0.9-1build6) ...

#15 19.39 Setting up libxdmcp6:amd64 (1:1.1.3-0ubuntu6) ...

#15 19.40 Setting up libxcb1:amd64 (1.15-1ubuntu2) ...

#15 19.41 Setting up libsqlite3-0:amd64 (3.45.1-1ubuntu2.5) ...

#15 19.41 Setting up x11-common (1:7.7+23ubuntu3) ...

#15 19.52 invoke-rc.d: could not determine current runlevel

2025-10-03 16:12:08.704Z: #15 19.52 invoke-rc.d: policy-rc.d denied execution of start.

#15 19.53 Setting up libevent-2.1-7t64:amd64 (2.1.12-stable-9ubuntu2) ...

#15 19.53 Setting up libffi-dev:amd64 (3.4.6-1build1) ...

#15 19.54 Setting up libpthread-stubs0-dev:amd64 (0.4-1build3) ...

#15 19.54 Setting up xtrans-dev (1.4.0-1) ...

#15 19.55 Setting up libunbound8:amd64 (1.19.2-1ubuntu3.5) ...

#15 19.56 Setting up libpkgconf3:amd64 (1.8.1-2build1) ...

2025-10-03 16:12:08.705Z: #15 19.56 Setting up libgmpxx4ldbl:amd64 (2:6.3.0+dfsg-2ubuntu6.1) ...

#15 19.57 Setting up libgnutls-dane0t64:amd64 (3.8.3-1.1ubuntu3.4) ...

#15 19.58 Setting up libsqlite3-dev:amd64 (3.45.1-1ubuntu2.5) ...

#15 19.58 Setting up libx11-data (2:1.8.7-1build1) ...

#15 19.59 Setting up libgpg-error-dev (1.47-3build2.1) ...

#15 19.60 Setting up libnspr4:amd64 (2:4.35-1.1build1) ...

#15 19.61 Setting up uuid-dev:amd64 (2.39.3-9ubuntu6.3) ...

#15 19.61 Setting up libncurses6:amd64 (6.4+20240113-1ubuntu2) ...

#15 19.66 Setting up fonts-dejavu-mono (2.37-8) ...

2025-10-03 16:12:08.814Z: #15 19.70 Setting up libssl-dev:amd64 (3.0.13-0ubuntu3.6) ...

#15 19.71 Setting up libpng16-16t64:amd64 (1.6.43-5build1) ...

#15 19.71 Setting up libtcl8.6:amd64 (8.6.14+dfsg-1build1) ...

#15 19.72 Setting up icu-devtools (74.2-1ubuntu3.1) ...

#15 19.73 Setting up fonts-dejavu-core (2.37-8) ...

#15 19.77 Setting up pkgconf-bin (1.8.1-2build1) ...

2025-10-03 16:12:08.917Z: #15 19.77 Setting up libidn2-dev:amd64 (2.3.7-2build1.1) ...

#15 19.78 Setting up liblzma-dev:amd64 (5.6.1+really5.4.5-1ubuntu0.2) ...

#15 19.79 Setting up libx11-6:amd64 (2:1.8.7-1build1) ...

#15 19.79 Setting up xorg-sgml-doctools (1:1.11-1.1) ...

#15 19.80 Setting up libgdbm-dev:amd64 (1.23-5.1build1) ...
2025-10-03 16:12:08.917Z: 
#15 19.81 Setting up libtasn1-6-dev:amd64 (4.19.0-3ubuntu0.24.04.1) ...

#15 19.81 Setting up openssl (3.0.13-0ubuntu3.6) ...

#15 19.82 Setting up libicu-dev:amd64 (74.2-1ubuntu3.1) ...

#15 19.83 Setting up libxml2:amd64 (2.9.14+dfsg-1.3ubuntu3.5) ...

#15 19.84 Setting up libbrotli-dev:amd64 (1.1.0-2build2) ...

#15 19.84 Setting up libp11-kit-dev:amd64 (0.25.3-4ubuntu2.1) ...

#15 19.85 Setting up libbz2-dev:amd64 (1.0.8-5.1build0.1) ...

#15 19.86 Setting up x11proto-dev (2023.2-1) ...

#15 19.86 Setting up libnspr4-dev (2:4.35-1.1build1) ...

#15 19.87 Setting up tcl8.6 (8.6.14+dfsg-1build1) ...

2025-10-03 16:12:09.108Z: #15 19.88 Setting up libncurses-dev:amd64 (6.4+20240113-1ubuntu2) ...

#15 19.88 Setting up libgmp-dev:amd64 (2:6.3.0+dfsg-2ubuntu6.1) ...

#15 19.89 Setting up libxau-dev:amd64 (1:1.0.9-1build6) ...

#15 19.90 Setting up nettle-dev:amd64 (3.9.1-2.2build1.1) ...
2025-10-03 16:12:09.108Z: 
#15 19.90 Setting up libxrender1:amd64 (1:0.9.10-1.1build1) ...

#15 19.91 Setting up fontconfig-config (2.15.0-1.1ubuntu2) ...

2025-10-03 16:12:09.114Z: #15 20.07 Setting up tcl8.6-dev:amd64 (8.6.14+dfsg-1build1) ...

2025-10-03 16:12:09.215Z: #15 20.07 Setting up libpng-dev:amd64 (1.6.43-5build1) ...

#15 20.08 Setting up libxext6:amd64 (2:1.3.4-1build2) ...

#15 20.09 Setting up libnss3:amd64 (2:3.98-1build1) ...

#15 20.09 Setting up libreadline-dev:amd64 (8.2-4build1) ...

#15 20.10 Setting up pkgconf:amd64 (1.8.1-2build1) ...

#15 20.11 Setting up libxdmcp-dev:amd64 (1:1.1.3-0ubuntu6) ...

#15 20.11 Setting up libxml2-dev:amd64 (2.9.14+dfsg-1.3ubuntu3.5) ...
2025-10-03 16:12:09.215Z: 
#15 20.12 Setting up libgcrypt20-dev (1.10.3-2build1) ...

#15 20.13 Setting up libfreetype6:amd64 (2.13.2+dfsg-1build3) ...

#15 20.13 Setting up x11proto-core-dev (2023.2-1) ...

#15 20.14 Setting up libnss3-dev:amd64 (2:3.98-1build1) ...

#15 20.15 Setting up tcl (8.6.14build1) ...

#15 20.15 Setting up libxslt1.1:amd64 (1.1.39-0exp1ubuntu0.24.04.2) ...

#15 20.16 Setting up libxss1:amd64 (1:1.2.3-1build3) ...

#15 20.17 Setting up libfontconfig1:amd64 (2.15.0-1.1ubuntu2) ...

2025-10-03 16:12:09.320Z: #15 20.18 Setting up libgnutls28-dev:amd64 (3.8.3-1.1ubuntu3.4) ...

#15 20.18 Setting up libxft2:amd64 (2.3.6-1build1) ...

#15 20.19 Setting up libxcb1-dev:amd64 (1.15-1ubuntu2) ...

#15 20.19 Setting up libxslt1-dev:amd64 (1.1.39-0exp1ubuntu0.24.04.2) ...

#15 20.20 Setting up libtk8.6:amd64 (8.6.14-1build1) ...

2025-10-03 16:12:09.320Z: #15 20.21 Setting up libx11-dev:amd64 (2:1.8.7-1build1) ...

#15 20.22 Setting up libxmlsec1t64:amd64 (1.2.39-5build2) ...

2025-10-03 16:12:09.321Z: #15 20.22 Setting up libfreetype-dev:amd64 (2.13.2+dfsg-1build3) ...

#15 20.23 Setting up libxmlsec1t64-nss:amd64 (1.2.39-5build2) ...

#15 20.24 Setting up libxmlsec1t64-openssl:amd64 (1.2.39-5build2) ...

#15 20.26 Setting up tcl-dev:amd64 (8.6.14build1) ...

#15 20.27 Setting up libxext-dev:amd64 (2:1.3.4-1build2) ...

#15 20.27 Setting up libxmlsec1t64-gcrypt:amd64 (1.2.39-5build2) ...

2025-10-03 16:12:09.423Z: #15 20.28 Setting up libxrender-dev:amd64 (1:0.9.10-1.1build1) ...

#15 20.29 Setting up tk8.6 (8.6.14-1build1) ...

#15 20.37 Setting up libfontconfig-dev:amd64 (2.15.0-1.1ubuntu2) ...

2025-10-03 16:12:09.633Z: #15 20.39 Setting up libxss-dev:amd64 (1:1.2.3-1build3) ...

#15 20.39 Setting up libxmlsec1t64-gnutls:amd64 (1.2.39-5build2) ...

#15 20.40 Setting up libxmlsec1-dev (1.2.39-5build2) ...

#15 20.40 Setting up tk (8.6.14build1) ...

#15 20.41 Setting up libxft-dev:amd64 (2.3.6-1build1) ...

#15 20.42 Setting up libfontconfig1-dev:amd64 (2.15.0-1.1ubuntu2) ...

#15 20.42 Setting up tk8.6-dev:amd64 (8.6.14-1build1) ...

#15 20.43 Setting up tk-dev:amd64 (8.6.14build1) ...

2025-10-03 16:12:09.633Z: #15 20.44 Processing triggers for man-db (2.12.0-4build2) ...

2025-10-03 16:12:12.221Z: #15 23.17 Processing triggers for libc-bin (2.39-0ubuntu8.4) ...

2025-10-03 16:12:16.050Z: #15 27.00 Reading package lists...2025-10-03 16:12:16.834Z: 
2025-10-03 16:12:16.995Z: #15 27.80 Building dependency tree...2025-10-03 16:12:17.000Z: 
#15 27.95 Reading state information...2025-10-03 16:12:17.151Z: 
2025-10-03 16:12:17.157Z: #15 28.11 The following additional packages will be installed:
2025-10-03 16:12:17.395Z: #15 28.11   blt libjs-jquery libjs-sphinxdoc libjs-underscore libpython3-dev
#15 28.11   libpython3-stdlib libpython3.12-dev libpython3.12-minimal
#15 28.11   libpython3.12-stdlib libpython3.12t64 media-types python3-minimal
#15 28.11   python3-pip-whl python3-pkg-resources python3-setuptools
#15 28.11   python3-setuptools-whl python3-wheel python3.12 python3.12-dev
#15 28.11   python3.12-doc python3.12-minimal python3.12-venv tk8.6-blt2.5
#15 28.11 Suggested packages:
#15 28.11   blt-demo python3-examples python-setuptools-doc tix python3-tk-dbg
#15 28.11   binfmt-support
#15 28.11 Recommended packages:
#15 28.11   javascript-common
2025-10-03 16:12:17.395Z: #15 28.20 The following NEW packages will be installed:
#15 28.20   blt libjs-jquery libjs-sphinxdoc libjs-underscore libpython3-dev
#15 28.20   libpython3-stdlib libpython3.12-dev libpython3.12-minimal
#15 28.20   libpython3.12-stdlib libpython3.12t64 media-types python3 python3-dev
#15 28.20   python3-doc python3-minimal python3-pip python3-pip-whl
#15 28.20   python3-pkg-resources python3-setuptools python3-setuptools-whl python3-tk
#15 28.20   python3-venv python3-wheel python3.12 python3.12-dev python3.12-doc
#15 28.20   python3.12-minimal python3.12-venv tk8.6-blt2.5
2025-10-03 16:12:17.450Z: #15 28.40 0 upgraded, 29 newly installed, 0 to remove and 27 not upgraded.
#15 28.40 Need to get 32.3 MB of archives.
#15 28.40 After this operation, 148 MB of additional disk space will be used.
#15 28.40 Get:1 http://archive.ubuntu.com/ubuntu noble-updates/main amd64 libpython3.12-minimal amd64 3.12.3-1ubuntu0.8 [836 kB]
2025-10-03 16:12:18.033Z: #15 28.99 Get:2 http://archive.ubuntu.com/ubuntu noble-updates/main amd64 python3.12-minimal amd64 3.12.3-1ubuntu0.8 [2334 kB]
2025-10-03 16:12:18.306Z: #15 29.26 Get:3 http://archive.ubuntu.com/ubuntu noble-updates/main amd64 python3-minimal amd64 3.12.3-0ubuntu2 [27.4 kB]
2025-10-03 16:12:18.410Z: #15 29.26 Get:4 http://archive.ubuntu.com/ubuntu noble/main amd64 media-types all 10.1.0 [27.5 kB]
#15 29.26 Get:5 http://archive.ubuntu.com/ubuntu noble-updates/main amd64 libpython3.12-stdlib amd64 3.12.3-1ubuntu0.8 [2068 kB]2025-10-03 16:12:18.411Z: 
#15 29.34 Get:6 http://archive.ubuntu.com/ubuntu noble-updates/main amd64 python3.12 amd64 3.12.3-1ubuntu0.8 [651 kB]
#15 29.36 Get:7 http://archive.ubuntu.com/ubuntu noble-updates/main amd64 libpython3-stdlib amd64 3.12.3-0ubuntu2 [10.0 kB]
2025-10-03 16:12:18.577Z: #15 29.36 Get:8 http://archive.ubuntu.com/ubuntu noble-updates/main amd64 python3 amd64 3.12.3-0ubuntu2 [23.0 kB]
#15 29.36 Get:9 http://archive.ubuntu.com/ubuntu noble-updates/main amd64 python3-pkg-resources all 68.1.2-2ubuntu1.2 [168 kB]
#15 29.37 Get:10 http://archive.ubuntu.com/ubuntu noble/main amd64 tk8.6-blt2.5 amd64 2.5.3+dfsg-7build1 [630 kB]
#15 29.38 Get:11 http://archive.ubuntu.com/ubuntu noble/main amd64 blt amd64 2.5.3+dfsg-7build1 [4840 B]
2025-10-03 16:12:18.588Z: #15 29.54 Get:12 http://archive.ubuntu.com/ubuntu noble/main amd64 libjs-jquery all 3.6.1+dfsg+~3.5.14-1 [328 kB]
2025-10-03 16:12:19.059Z: #15 30.01 Get:13 http://archive.ubuntu.com/ubuntu noble/main amd64 libjs-underscore all 1.13.4~dfsg+~1.11.4-3 [118 kB]
2025-10-03 16:12:19.160Z: #15 30.03 Get:14 http://archive.ubuntu.com/ubuntu noble/main amd64 libjs-sphinxdoc all 7.2.6-6 [149 kB]
#15 30.11 Get:15 http://archive.ubuntu.com/ubuntu noble-updates/main amd64 libpython3.12t64 amd64 3.12.3-1ubuntu0.8 [2355 kB]
2025-10-03 16:12:19.421Z: #15 30.37 Get:16 http://archive.ubuntu.com/ubuntu noble-updates/main amd64 libpython3.12-dev amd64 3.12.3-1ubuntu0.8 [5677 kB]
2025-10-03 16:12:19.558Z: #15 30.51 Get:17 http://archive.ubuntu.com/ubuntu noble-updates/main amd64 libpython3-dev amd64 3.12.3-0ubuntu2 [10.3 kB]
2025-10-03 16:12:19.714Z: #15 30.51 Get:18 http://archive.ubuntu.com/ubuntu noble-updates/main amd64 python3.12-dev amd64 3.12.3-1ubuntu0.8 [498 kB]
#15 30.52 Get:19 http://archive.ubuntu.com/ubuntu noble-updates/main amd64 python3-dev amd64 3.12.3-0ubuntu2 [26.7 kB]
#15 30.52 Get:20 http://archive.ubuntu.com/ubuntu noble-updates/main amd64 python3.12-doc all 3.12.3-1ubuntu0.8 [12.1 MB]
2025-10-03 16:12:19.792Z: #15 30.74 Get:21 http://archive.ubuntu.com/ubuntu noble-updates/main amd64 python3-doc all 3.12.3-0ubuntu2 [10.3 kB]
2025-10-03 16:12:19.943Z: #15 30.74 Get:22 http://archive.ubuntu.com/ubuntu noble-updates/main amd64 python3-setuptools all 68.1.2-2ubuntu1.2 [397 kB]
2025-10-03 16:12:19.959Z: #15 30.91 Get:23 http://archive.ubuntu.com/ubuntu noble/universe amd64 python3-wheel all 0.42.0-2 [53.1 kB]
2025-10-03 16:12:20.216Z: #15 31.17 Get:24 http://archive.ubuntu.com/ubuntu noble-updates/universe amd64 python3-pip all 24.0+dfsg-1ubuntu1.3 [1320 kB]
2025-10-03 16:12:20.603Z: #15 31.56 Get:25 http://archive.ubuntu.com/ubuntu noble-updates/universe amd64 python3-pip-whl all 24.0+dfsg-1ubuntu1.3 [1707 kB]
2025-10-03 16:12:20.725Z: #15 31.65 Get:26 http://archive.ubuntu.com/ubuntu noble-updates/universe amd64 python3-setuptools-whl all 68.1.2-2ubuntu1.2 [716 kB]
#15 31.68 Get:27 http://archive.ubuntu.com/ubuntu noble/main amd64 python3-tk amd64 3.12.3-0ubuntu1 [102 kB]
2025-10-03 16:12:20.879Z: #15 31.68 Get:28 http://archive.ubuntu.com/ubuntu noble-updates/universe amd64 python3.12-venv amd64 3.12.3-1ubuntu0.8 [5678 B]
#15 31.68 Get:29 http://archive.ubuntu.com/ubuntu noble-updates/universe amd64 python3-venv amd64 3.12.3-0ubuntu2 [1034 B]
2025-10-03 16:12:21.650Z: #15 32.60 Fetched 32.3 MB in 3s (9306 kB/s)2025-10-03 16:12:21.650Z: 
2025-10-03 16:12:23.421Z: #15 34.37 Selecting previously unselected package libpython3.12-minimal:amd64.
2025-10-03 16:12:23.422Z: 
#15 34.37 (Reading database ... 
2025-10-03 16:12:23.522Z: (Reading database ... 5%
(Reading database ... 10%
(Reading database ... 15%
(Reading database ... 20%
(Reading database ... 25%
(Reading database ... 30%
(Reading database ... 35%
(Reading database ... 40%
(Reading database ... 45%
(Reading database ... 50%
(Reading database ... 55%
(Reading database ... 60%
(Reading database ... 65%
(Reading database ... 70%
(Reading database ... 75%
(Reading database ... 80%
(Reading database ... 85%
(Reading database ... 90%
(Reading database ... 95%
(Reading database ... 100%
(Reading database ... 23560 files and directories currently installed.)
2025-10-03 16:12:23.522Z: 
#15 34.39 Preparing to unpack .../libpython3.12-minimal_3.12.3-1ubuntu0.8_amd64.deb ...

#15 34.39 Unpacking libpython3.12-minimal:amd64 (3.12.3-1ubuntu0.8) ...

#15 34.47 Selecting previously unselected package python3.12-minimal.

2025-10-03 16:12:23.757Z: #15 34.48 Preparing to unpack .../python3.12-minimal_3.12.3-1ubuntu0.8_amd64.deb ...

#15 34.48 Unpacking python3.12-minimal (3.12.3-1ubuntu0.8) ...

2025-10-03 16:12:23.758Z: #15 34.55 Setting up libpython3.12-minimal:amd64 (3.12.3-1ubuntu0.8) ...

#15 34.56 Setting up python3.12-minimal (3.12.3-1ubuntu0.8) ...

2025-10-03 16:12:24.357Z: #15 35.31 Selecting previously unselected package python3-minimal.

#15 35.31 (Reading database ... 
2025-10-03 16:12:24.542Z: (Reading database ... 5%
(Reading database ... 10%
(Reading database ... 15%
(Reading database ... 20%
(Reading database ... 25%
(Reading database ... 30%
(Reading database ... 35%
(Reading database ... 40%
(Reading database ... 45%
(Reading database ... 50%
(Reading database ... 55%
(Reading database ... 60%
(Reading database ... 65%
(Reading database ... 70%
(Reading database ... 75%
(Reading database ... 80%
(Reading database ... 85%
(Reading database ... 90%
(Reading database ... 95%
(Reading database ... 100%
(Reading database ... 23871 files and directories currently installed.)

#15 35.32 Preparing to unpack .../python3-minimal_3.12.3-0ubuntu2_amd64.deb ...

#15 35.32 Unpacking python3-minimal (3.12.3-0ubuntu2) ...

#15 35.35 Selecting previously unselected package media-types.

#15 35.35 Preparing to unpack .../media-types_10.1.0_all.deb ...

#15 35.35 Unpacking media-types (10.1.0) ...

#15 35.49 Selecting previously unselected package libpython3.12-stdlib:amd64.

2025-10-03 16:12:24.662Z: #15 35.50 Preparing to unpack .../libpython3.12-stdlib_3.12.3-1ubuntu0.8_amd64.deb ...

#15 35.50 Unpacking libpython3.12-stdlib:amd64 (3.12.3-1ubuntu0.8) ...
2025-10-03 16:12:24.662Z: 
#15 35.61 Selecting previously unselected package python3.12.

2025-10-03 16:12:24.814Z: #15 35.62 Preparing to unpack .../python3.12_3.12.3-1ubuntu0.8_amd64.deb ...

#15 35.62 Unpacking python3.12 (3.12.3-1ubuntu0.8) ...

#15 35.77 Selecting previously unselected package libpython3-stdlib:amd64.

2025-10-03 16:12:25.021Z: #15 35.77 Preparing to unpack .../libpython3-stdlib_3.12.3-0ubuntu2_amd64.deb ...

#15 35.77 Unpacking libpython3-stdlib:amd64 (3.12.3-0ubuntu2) ...

#15 35.83 Setting up python3-minimal (3.12.3-0ubuntu2) ...

#15 35.97 Selecting previously unselected package python3.

#15 35.97 (Reading database ... 
2025-10-03 16:12:25.139Z: (Reading database ... 5%
(Reading database ... 10%
(Reading database ... 15%
(Reading database ... 20%
(Reading database ... 25%
(Reading database ... 30%
(Reading database ... 35%
(Reading database ... 40%
(Reading database ... 45%
(Reading database ... 50%
(Reading database ... 55%
(Reading database ... 60%
(Reading database ... 65%
(Reading database ... 70%
(Reading database ... 75%
(Reading database ... 80%
(Reading database ... 85%
(Reading database ... 90%
(Reading database ... 95%
(Reading database ... 100%
(Reading database ... 24304 files and directories currently installed.)

#15 35.99 Preparing to unpack .../00-python3_3.12.3-0ubuntu2_amd64.deb ...

#15 35.99 Unpacking python3 (3.12.3-0ubuntu2) ...

#15 36.02 Selecting previously unselected package python3-pkg-resources.

#15 36.02 Preparing to unpack .../01-python3-pkg-resources_68.1.2-2ubuntu1.2_all.deb ...

#15 36.02 Unpacking python3-pkg-resources (68.1.2-2ubuntu1.2) ...

#15 36.06 Selecting previously unselected package tk8.6-blt2.5.

#15 36.06 Preparing to unpack .../02-tk8.6-blt2.5_2.5.3+dfsg-7build1_amd64.deb ...

#15 36.06 Unpacking tk8.6-blt2.5 (2.5.3+dfsg-7build1) ...

#15 36.09 Selecting previously unselected package blt.

2025-10-03 16:12:25.276Z: #15 36.09 Preparing to unpack .../03-blt_2.5.3+dfsg-7build1_amd64.deb ...

#15 36.10 Unpacking blt (2.5.3+dfsg-7build1) ...

#15 36.12 Selecting previously unselected package libjs-jquery.

#15 36.12 Preparing to unpack .../04-libjs-jquery_3.6.1+dfsg+~3.5.14-1_all.deb ...

#15 36.13 Unpacking libjs-jquery (3.6.1+dfsg+~3.5.14-1) ...

#15 36.23 Selecting previously unselected package libjs-underscore.

2025-10-03 16:12:25.389Z: #15 36.23 Preparing to unpack .../05-libjs-underscore_1.13.4~dfsg+~1.11.4-3_all.deb ...

#15 36.23 Unpacking libjs-underscore (1.13.4~dfsg+~1.11.4-3) ...

#15 36.25 Selecting previously unselected package libjs-sphinxdoc.

#15 36.26 Preparing to unpack .../06-libjs-sphinxdoc_7.2.6-6_all.deb ...

#15 36.26 Unpacking libjs-sphinxdoc (7.2.6-6) ...

#15 36.28 Selecting previously unselected package libpython3.12t64:amd64.
2025-10-03 16:12:25.390Z: 
#15 36.28 Preparing to unpack .../07-libpython3.12t64_3.12.3-1ubuntu0.8_amd64.deb ...

#15 36.29 Unpacking libpython3.12t64:amd64 (3.12.3-1ubuntu0.8) ...

#15 36.34 Selecting previously unselected package libpython3.12-dev:amd64.

2025-10-03 16:12:25.545Z: #15 36.34 Preparing to unpack .../08-libpython3.12-dev_3.12.3-1ubuntu0.8_amd64.deb ...

#15 36.35 Unpacking libpython3.12-dev:amd64 (3.12.3-1ubuntu0.8) ...

2025-10-03 16:12:25.547Z: #15 36.50 Selecting previously unselected package libpython3-dev:amd64.

2025-10-03 16:12:25.661Z: #15 36.50 Preparing to unpack .../09-libpython3-dev_3.12.3-0ubuntu2_amd64.deb ...

#15 36.50 Unpacking libpython3-dev:amd64 (3.12.3-0ubuntu2) ...

#15 36.52 Selecting previously unselected package python3.12-dev.

#15 36.53 Preparing to unpack .../10-python3.12-dev_3.12.3-1ubuntu0.8_amd64.deb ...

#15 36.61 Unpacking python3.12-dev (3.12.3-1ubuntu0.8) ...

2025-10-03 16:12:25.864Z: #15 36.63 Selecting previously unselected package python3-dev.

#15 36.64 Preparing to unpack .../11-python3-dev_3.12.3-0ubuntu2_amd64.deb ...

#15 36.64 Unpacking python3-dev (3.12.3-0ubuntu2) ...

#15 36.66 Selecting previously unselected package python3.12-doc.

#15 36.66 Preparing to unpack .../12-python3.12-doc_3.12.3-1ubuntu0.8_all.deb ...

#15 36.67 Unpacking python3.12-doc (3.12.3-1ubuntu0.8) ...
2025-10-03 16:12:25.864Z: 
2025-10-03 16:12:25.867Z: #15 36.82 Selecting previously unselected package python3-doc.

2025-10-03 16:12:26.047Z: #15 36.82 Preparing to unpack .../13-python3-doc_3.12.3-0ubuntu2_all.deb ...

#15 36.83 Unpacking python3-doc (3.12.3-0ubuntu2) ...

#15 36.85 Selecting previously unselected package python3-setuptools.

#15 36.85 Preparing to unpack .../14-python3-setuptools_68.1.2-2ubuntu1.2_all.deb ...

#15 36.85 Unpacking python3-setuptools (68.1.2-2ubuntu1.2) ...

#15 36.91 Selecting previously unselected package python3-wheel.

#15 36.92 Preparing to unpack .../15-python3-wheel_0.42.0-2_all.deb ...

#15 36.92 Unpacking python3-wheel (0.42.0-2) ...

#15 37.00 Selecting previously unselected package python3-pip.

2025-10-03 16:12:26.203Z: #15 37.00 Preparing to unpack .../16-python3-pip_24.0+dfsg-1ubuntu1.3_all.deb ...

#15 37.01 Unpacking python3-pip (24.0+dfsg-1ubuntu1.3) ...

2025-10-03 16:12:26.218Z: #15 37.17 Selecting previously unselected package python3-pip-whl.

2025-10-03 16:12:26.401Z: #15 37.17 Preparing to unpack .../17-python3-pip-whl_24.0+dfsg-1ubuntu1.3_all.deb ...
2025-10-03 16:12:26.401Z: 
#15 37.18 Unpacking python3-pip-whl (24.0+dfsg-1ubuntu1.3) ...

#15 37.20 Selecting previously unselected package python3-setuptools-whl.

#15 37.20 Preparing to unpack .../18-python3-setuptools-whl_68.1.2-2ubuntu1.2_all.deb ...

#15 37.20 Unpacking python3-setuptools-whl (68.1.2-2ubuntu1.2) ...

#15 37.23 Selecting previously unselected package python3-tk:amd64.

#15 37.23 Preparing to unpack .../19-python3-tk_3.12.3-0ubuntu1_amd64.deb ...

#15 37.23 Unpacking python3-tk:amd64 (3.12.3-0ubuntu1) ...

#15 37.26 Selecting previously unselected package python3.12-venv.

#15 37.26 Preparing to unpack .../20-python3.12-venv_3.12.3-1ubuntu0.8_amd64.deb ...

#15 37.26 Unpacking python3.12-venv (3.12.3-1ubuntu0.8) ...

#15 37.35 Selecting previously unselected package python3-venv.

2025-10-03 16:12:26.630Z: #15 37.36 Preparing to unpack .../21-python3-venv_3.12.3-0ubuntu2_amd64.deb ...

#15 37.36 Unpacking python3-venv (3.12.3-0ubuntu2) ...

#15 37.39 Setting up media-types (10.1.0) ...

#15 37.40 Setting up python3-setuptools-whl (68.1.2-2ubuntu1.2) ...

#15 37.41 Setting up tk8.6-blt2.5 (2.5.3+dfsg-7build1) ...

#15 37.41 Setting up libpython3.12-stdlib:amd64 (3.12.3-1ubuntu0.8) ...

#15 37.42 Setting up python3-pip-whl (24.0+dfsg-1ubuntu1.3) ...

#15 37.43 Setting up blt (2.5.3+dfsg-7build1) ...

#15 37.43 Setting up python3.12 (3.12.3-1ubuntu0.8) ...

2025-10-03 16:12:27.282Z: #15 38.24 Setting up libpython3.12t64:amd64 (3.12.3-1ubuntu0.8) ...

2025-10-03 16:12:27.447Z: #15 38.24 Setting up libjs-jquery (3.6.1+dfsg+~3.5.14-1) ...

#15 38.25 Setting up libpython3-stdlib:amd64 (3.12.3-0ubuntu2) ...

#15 38.26 Setting up libjs-underscore (1.13.4~dfsg+~1.11.4-3) ...

#15 38.26 Setting up python3.12-venv (3.12.3-1ubuntu0.8) ...
2025-10-03 16:12:27.447Z: 
#15 38.31 Setting up python3 (3.12.3-0ubuntu2) ...

#15 38.40 Setting up libpython3.12-dev:amd64 (3.12.3-1ubuntu0.8) ...

2025-10-03 16:12:27.591Z: #15 38.41 Setting up python3-wheel (0.42.0-2) ...

#15 38.54 Setting up python3-venv (3.12.3-0ubuntu2) ...

2025-10-03 16:12:27.770Z: #15 38.55 Setting up python3.12-dev (3.12.3-1ubuntu0.8) ...

#15 38.56 Setting up libjs-sphinxdoc (7.2.6-6) ...

#15 38.56 Setting up python3.12-doc (3.12.3-1ubuntu0.8) ...

#15 38.57 Setting up python3-doc (3.12.3-0ubuntu2) ...

#15 38.57 Setting up python3-pkg-resources (68.1.2-2ubuntu1.2) ...

2025-10-03 16:12:27.801Z: #15 38.75 Setting up libpython3-dev:amd64 (3.12.3-0ubuntu2) ...

2025-10-03 16:12:27.958Z: #15 38.76 Setting up python3-setuptools (68.1.2-2ubuntu1.2) ...

2025-10-03 16:12:28.234Z: #15 39.19 Setting up python3-tk:amd64 (3.12.3-0ubuntu1) ...

2025-10-03 16:12:28.340Z: #15 39.29 Setting up python3-dev (3.12.3-0ubuntu2) ...

2025-10-03 16:12:28.497Z: #15 39.30 Setting up python3-pip (24.0+dfsg-1ubuntu1.3) ...

2025-10-03 16:12:29.458Z: #15 40.41 Processing triggers for man-db (2.12.0-4build2) ...

2025-10-03 16:12:29.629Z: #15 40.47 Processing triggers for libc-bin (2.39-0ubuntu8.4) ...

#15 40.58 Installing Python tools...
2025-10-03 16:12:29.841Z: #15 40.64 Reading package lists...2025-10-03 16:12:30.457Z: 
2025-10-03 16:12:30.617Z: #15 41.42 Building dependency tree...2025-10-03 16:12:30.645Z: 
#15 41.60 Reading state information...2025-10-03 16:12:30.785Z: 
#15 41.74 The following additional packages will be installed:
#15 41.74   python3-argcomplete python3-click python3-colorama python3-packaging
2025-10-03 16:12:30.998Z: #15 41.74   python3-platformdirs python3-userpath
#15 41.74 Recommended packages:
#15 41.74   python3-psutil
#15 41.80 The following NEW packages will be installed:
#15 41.80   pipx python3-argcomplete python3-click python3-colorama python3-packaging
#15 41.80   python3-platformdirs python3-userpath
2025-10-03 16:12:31.039Z: #15 41.99 0 upgraded, 7 newly installed, 0 to remove and 27 not upgraded.
#15 41.99 Need to get 998 kB of archives.
#15 41.99 After this operation, 4398 kB of additional disk space will be used.
#15 41.99 Get:1 http://archive.ubuntu.com/ubuntu noble-updates/universe amd64 python3-argcomplete all 3.1.4-1ubuntu0.1 [33.8 kB]
2025-10-03 16:12:31.230Z: #15 42.18 Get:2 http://archive.ubuntu.com/ubuntu noble/main amd64 python3-packaging all 24.0-1 [41.1 kB]
2025-10-03 16:12:31.374Z: #15 42.25 Get:3 http://archive.ubuntu.com/ubuntu noble/main amd64 python3-platformdirs all 4.2.0-1 [16.1 kB]
#15 42.28 Get:4 http://archive.ubuntu.com/ubuntu noble/main amd64 python3-colorama all 0.4.6-4 [32.1 kB]
#15 42.33 Get:5 http://archive.ubuntu.com/ubuntu noble/main amd64 python3-click all 8.1.6-2 [79.0 kB]
2025-10-03 16:12:31.587Z: #15 42.38 Get:6 http://archive.ubuntu.com/ubuntu noble/universe amd64 python3-userpath all 1.9.1-1 [9416 B]
#15 42.39 Get:7 http://archive.ubuntu.com/ubuntu noble/universe amd64 pipx all 1.4.3-1 [787 kB]
2025-10-03 16:12:32.541Z: #15 43.49 Fetched 998 kB in 1s (1285 kB/s)
2025-10-03 16:12:32.736Z: #15 43.52 Selecting previously unselected package python3-argcomplete.

#15 43.52 (Reading database ... 
(Reading database ... 5%
(Reading database ... 10%
(Reading database ... 15%
(Reading database ... 20%
(Reading database ... 25%
(Reading database ... 30%
(Reading database ... 35%
(Reading database ... 40%
(Reading database ... 45%
(Reading database ... 50%
(Reading database ... 55%
(Reading database ... 60%
(Reading database ... 65%
(Reading database ... 70%
(Reading database ... 75%
(Reading database ... 80%
(Reading database ... 85%
(Reading database ... 90%
(Reading database ... 95%
(Reading database ... 100%
(Reading database ... 26796 files and directories currently installed.)

#15 43.54 Preparing to unpack .../0-python3-argcomplete_3.1.4-1ubuntu0.1_all.deb ...

#15 43.54 Unpacking python3-argcomplete (3.1.4-1ubuntu0.1) ...

2025-10-03 16:12:32.752Z: #15 43.71 Selecting previously unselected package python3-packaging.

2025-10-03 16:12:32.860Z: #15 43.71 Preparing to unpack .../1-python3-packaging_24.0-1_all.deb ...
2025-10-03 16:12:32.860Z: 
#15 43.71 Unpacking python3-packaging (24.0-1) ...

#15 43.74 Selecting previously unselected package python3-platformdirs.

#15 43.74 Preparing to unpack .../2-python3-platformdirs_4.2.0-1_all.deb ...

#15 43.74 Unpacking python3-platformdirs (4.2.0-1) ...

#15 43.81 Selecting previously unselected package python3-colorama.

2025-10-03 16:12:32.962Z: #15 43.82 Preparing to unpack .../3-python3-colorama_0.4.6-4_all.deb ...

#15 43.82 Unpacking python3-colorama (0.4.6-4) ...

#15 43.85 Selecting previously unselected package python3-click.

#15 43.86 Preparing to unpack .../4-python3-click_8.1.6-2_all.deb ...

#15 43.86 Unpacking python3-click (8.1.6-2) ...

#15 43.88 Selecting previously unselected package python3-userpath.

#15 43.89 Preparing to unpack .../5-python3-userpath_1.9.1-1_all.deb ...

#15 43.89 Unpacking python3-userpath (1.9.1-1) ...

#15 43.91 Selecting previously unselected package pipx.

#15 43.91 Preparing to unpack .../6-pipx_1.4.3-1_all.deb ...

#15 43.91 Unpacking pipx (1.4.3-1) ...

2025-10-03 16:12:33.118Z: #15 43.97 Setting up python3-colorama (0.4.6-4) ...

2025-10-03 16:12:33.118Z: #15 44.07 Setting up python3-click (8.1.6-2) ...

2025-10-03 16:12:33.260Z: #15 44.21 Setting up python3-platformdirs (4.2.0-1) ...

2025-10-03 16:12:33.468Z: #15 44.31 Setting up python3-packaging (24.0-1) ...

#15 44.42 Setting up python3-argcomplete (3.1.4-1ubuntu0.1) ...

2025-10-03 16:12:33.571Z: #15 44.52 Setting up python3-userpath (1.9.1-1) ...

2025-10-03 16:12:33.796Z: #15 44.62 Setting up pipx (1.4.3-1) ...

#15 44.75 Processing triggers for man-db (2.12.0-4build2) ...

2025-10-03 16:12:34.013Z: #15 44.97 creating virtual environment...
2025-10-03 16:12:34.204Z: #15 45.01 creating shared libraries...
2025-10-03 16:12:37.976Z: #15 48.93 upgrading shared libraries...
2025-10-03 16:12:39.499Z: #15 50.45 installing flake8...
2025-10-03 16:12:40.314Z: #15 51.27 done! ✨ 🌟 ✨
2025-10-03 16:12:40.444Z: #15 51.27   installed package flake8 7.3.0, installed using Python 3.12.3
#15 51.27   These apps are now globally available
#15 51.27     - flake8
#15 51.40 creating virtual environment...
2025-10-03 16:12:40.692Z: #15 51.49 installing autopep8...
2025-10-03 16:12:41.489Z: #15 52.44 done! ✨ 🌟 ✨
2025-10-03 16:12:41.624Z: #15 52.44   installed package autopep8 2.3.2, installed using Python 3.12.3
#15 52.44   These apps are now globally available
#15 52.44     - autopep8
#15 52.58 creating virtual environment...
2025-10-03 16:12:41.726Z: #15 52.68 installing black...
2025-10-03 16:12:42.903Z: #15 53.86 done! ✨ 🌟 ✨2025-10-03 16:12:42.903Z: 
2025-10-03 16:12:43.041Z: #15 53.86   installed package black 25.9.0, installed using Python 3.12.32025-10-03 16:12:43.041Z: 
#15 53.86   These apps are now globally available
#15 53.86     - black
#15 53.86     - blackd
#15 53.99 creating virtual environment...
2025-10-03 16:12:43.146Z: #15 54.10 installing yapf...
2025-10-03 16:12:43.931Z: #15 54.88 done! ✨ 🌟 ✨
#15 54.88   installed package yapf 0.43.0, installed using Python 3.12.3
#15 54.88   These apps are now globally available
#15 54.88     - yapf
#15 54.88     - yapf-diff
2025-10-03 16:12:44.060Z: #15 55.01 creating virtual environment...
2025-10-03 16:12:44.304Z: #15 55.11 installing mypy...
2025-10-03 16:12:46.461Z: #15 57.41 done! ✨ 🌟 ✨
2025-10-03 16:12:46.608Z: #15 57.41   installed package mypy 1.18.2, installed using Python 3.12.32025-10-03 16:12:46.608Z: 
#15 57.41   These apps are now globally available
#15 57.41     - dmypy
#15 57.41     - mypy
#15 57.41     - mypyc
#15 57.41     - stubgen
#15 57.41     - stubtest
#15 57.56 creating virtual environment...
2025-10-03 16:12:46.850Z: #15 57.65 installing pydocstyle...
2025-10-03 16:12:47.469Z: #15 58.42 done! ✨ 🌟 ✨
2025-10-03 16:12:47.604Z: #15 58.42   installed package pydocstyle 6.3.0, installed using Python 3.12.3
#15 58.42   These apps are now globally available
#15 58.42     - pydocstyle
#15 58.56 creating virtual environment...
2025-10-03 16:12:47.715Z: #15 58.67 installing pycodestyle...
2025-10-03 16:12:48.281Z: #15 59.23 done! ✨ 🌟 ✨
2025-10-03 16:12:48.418Z: #15 59.23   installed package pycodestyle 2.14.0, installed using Python 3.12.3
#15 59.23   These apps are now globally available
#15 59.23     - pycodestyle
#15 59.37 creating virtual environment...
2025-10-03 16:12:48.523Z: #15 59.48 installing bandit...
2025-10-03 16:12:50.445Z: #15 61.40 done! ✨ 🌟 ✨
2025-10-03 16:12:50.597Z: #15 61.40   installed package bandit 1.8.6, installed using Python 3.12.32025-10-03 16:12:50.597Z: 
#15 61.40   These apps are now globally available
#15 61.40     - bandit
#15 61.40     - bandit-baseline
#15 61.40     - bandit-config-generator
#15 61.40   These manual pages are now globally available
#15 61.40     - man1/bandit.1
#15 61.55 creating virtual environment...
2025-10-03 16:12:50.838Z: #15 61.64 installing pipenv...
2025-10-03 16:12:54.128Z: #15 65.08 done! ✨ 🌟 ✨
2025-10-03 16:12:54.262Z: #15 65.08   installed package pipenv 2025.0.4, installed using Python 3.12.3
2025-10-03 16:12:54.263Z: #15 65.08   These apps are now globally available
#15 65.08     - pipenv
#15 65.08     - pipenv-resolver
#15 65.21 creating virtual environment...
2025-10-03 16:12:54.504Z: #15 65.31 installing virtualenv...
2025-10-03 16:12:55.371Z: #15 66.32 done! ✨ 🌟 ✨
2025-10-03 16:12:55.506Z: #15 66.32   installed package virtualenv 20.34.0, installed using Python 3.12.3
#15 66.32   These apps are now globally available
#15 66.32     - virtualenv
#15 66.46 creating virtual environment...
2025-10-03 16:12:55.754Z: #15 66.56 installing pytest...
2025-10-03 16:12:58.187Z: #15 69.14 done! ✨ 🌟 ✨
2025-10-03 16:12:58.332Z: #15 69.14   installed package pytest 8.4.2, installed using Python 3.12.3
#15 69.14   These apps are now globally available
#15 69.14     - py.test
#15 69.14     - pytest
#15 69.28 creating virtual environment...
2025-10-03 16:12:58.574Z: #15 69.38 installing pylint...
2025-10-03 16:13:00.062Z: #15 71.02 done! ✨ 🌟 ✨
2025-10-03 16:13:00.262Z: #15 71.02   installed package pylint 3.3.8, installed using Python 3.12.3
#15 71.02   These apps are now globally available
#15 71.02     - pylint
#15 71.02     - pylint-config
#15 71.02     - pyreverse
#15 71.02     - symilar
#15 71.04 Updating /etc/bash.bashrc and /etc/zsh/zshrc...
#15 71.05 Updating /etc/bash.bashrc and /etc/zsh/zshrc...
#15 71.05 Updating /etc/bash.bashrc and /etc/zsh/zshrc...
#15 71.06 Done!
2025-10-03 16:13:01.442Z: #15 DONE 72.4s
2025-10-03 16:13:01.596Z: 
#16 [dev_containers_target_stage 6/6] RUN --mount=type=bind,from=dev_containers_feature_content_source,source=matlab_1,target=/tmp/build-features-src/matlab_1     cp -ar /tmp/build-features-src/matlab_1 /tmp/dev-container-features  && chmod -R 0755 /tmp/dev-container-features/matlab_1  && cd /tmp/dev-container-features/matlab_1  && chmod +x ./devcontainer-features-install.sh  && ./devcontainer-features-install.sh  && rm -rf /tmp/dev-container-features/matlab_1
2025-10-03 16:13:01.654Z: #16 0.209 ===========================================================================
#16 0.209 Feature       : MATLAB
#16 0.209 Description   : Installs MATLAB with supporting packages and tools.
#16 0.209 Id            : ghcr.io/mathworks/devcontainer-features/matlab
#16 0.209 Version       : 0.3.0
#16 0.209 Documentation : ********/mathworks/devcontainer-features
#16 0.209 Options       :
#16 0.209     RELEASE="r2025b"
#16 0.209     PRODUCTS="MATLAB Simulink Motor_Control_Blockset Deep_Learning_Toolbox Statistics_and_Machine_Learning_Toolbox MATLAB_Compiler Simulink_Compiler MATLAB_Compiler_SDK"
#16 0.209     DOC="false"
#16 0.209     INSTALLGPU="false"
#16 0.209     DESTINATION=""
#16 0.209     INSTALLMATLABPROXY="********"
#16 0.209     INSTALLJUPYTERMATLABPROXY="********"
#16 0.209     INSTALLJUPYTERLAB="********"
#16 0.209     INSTALLMATLABENGINEFORPYTHON="********"
#16 0.209     STARTINDESKTOP="********"
#16 0.209     NETWORKLICENSEMANAGER=""
#16 0.209     SKIPMATLABINSTALL="false"
#16 0.209 ===========================================================================2025-10-03 16:13:01.655Z: 
2025-10-03 16:13:01.825Z: #16 0.213 MATLAB_INSTALL_LOCATION: /opt/matlab/R2025b
#16 0.220 /tmp/matlab-feature-install /tmp/dev-container-features/matlab_1
#16 0.220 Installing matlab-proxy
#16 0.223 install command: apt-get -y install --no-install-recommends
#16 0.223 INSTALLING python3 python3-pip
#16 0.229 UPDATING using apt-get
#16 0.229 Running apt-get update...
2025-10-03 16:13:01.868Z: #16 0.423 Get:1 http://archive.ubuntu.com/ubuntu noble InRelease [256 kB]
2025-10-03 16:13:02.029Z: #16 0.434 Get:2 http://security.ubuntu.com/ubuntu noble-security InRelease [126 kB]
2025-10-03 16:13:02.292Z: #16 0.847 Get:3 http://security.ubuntu.com/ubuntu noble-security/multiverse amd64 Packages [34.6 kB]
2025-10-03 16:13:02.394Z: #16 0.869 Get:4 http://archive.ubuntu.com/ubuntu noble-updates InRelease [126 kB]
#16 0.949 Get:5 http://security.ubuntu.com/ubuntu noble-security/main amd64 Packages [1512 kB]
2025-10-03 16:13:02.535Z: #16 0.979 Get:6 http://archive.ubuntu.com/ubuntu noble-backports InRelease [126 kB]
#16 1.091 Get:7 http://archive.ubuntu.com/ubuntu noble/multiverse amd64 Packages [331 kB]
2025-10-03 16:13:02.645Z: #16 1.201 Get:8 http://archive.ubuntu.com/ubuntu noble/restricted amd64 Packages [117 kB]
2025-10-03 16:13:02.775Z: #16 1.227 Get:9 http://archive.ubuntu.com/ubuntu noble/universe amd64 Packages [19.3 MB]
#16 1.265 Get:10 http://security.ubuntu.com/ubuntu noble-security/universe amd64 Packages [1138 kB]
#16 1.330 Get:11 http://security.ubuntu.com/ubuntu noble-security/restricted amd64 Packages [2462 kB]
2025-10-03 16:13:03.218Z: #16 1.772 Get:12 http://archive.ubuntu.com/ubuntu noble/main amd64 Packages [1808 kB]
2025-10-03 16:13:03.463Z: #16 1.797 Get:13 http://archive.ubuntu.com/ubuntu noble-updates/multiverse amd64 Packages [38.9 kB]
#16 1.797 Get:14 http://archive.ubuntu.com/ubuntu noble-updates/universe amd64 Packages [1924 kB]
#16 1.837 Get:15 http://archive.ubuntu.com/ubuntu noble-updates/main amd64 Packages [1879 kB]
#16 1.868 Get:16 http://archive.ubuntu.com/ubuntu noble-updates/restricted amd64 Packages [2605 kB]
2025-10-03 16:13:03.528Z: #16 2.083 Get:17 http://archive.ubuntu.com/ubuntu noble-backports/universe amd64 Packages [33.9 kB]
2025-10-03 16:13:03.720Z: #16 2.275 Get:18 http://archive.ubuntu.com/ubuntu noble-backports/main amd64 Packages [49.4 kB]
2025-10-03 16:13:04.129Z: #16 2.684 Fetched 33.9 MB in 2s (14.0 MB/s)
#16 2.684 Reading package lists...2025-10-03 16:13:04.887Z: 
2025-10-03 16:13:05.236Z: #16 3.792 Reading package lists...2025-10-03 16:13:06.011Z: 
2025-10-03 16:13:06.174Z: #16 4.579 Building dependency tree...2025-10-03 16:13:06.215Z: 
#16 4.770 Reading state information...2025-10-03 16:13:06.365Z: 
2025-10-03 16:13:06.404Z: #16 4.959 python3 is already the newest version (3.12.3-0ubuntu2).
#16 4.959 python3-pip is already the newest version (24.0+dfsg-1ubuntu1.3).
#16 4.959 0 upgraded, 0 newly installed, 0 to remove and 27 not upgraded.
2025-10-03 16:13:06.636Z: #16 4.964 install command: apt-get -y install --no-install-recommends
#16 4.964 INSTALLING xvfb
#16 4.970 UPDATING using apt-get
#16 4.970 Running apt-get update...
#16 5.022 Hit:1 http://archive.ubuntu.com/ubuntu noble InRelease
#16 5.028 Hit:2 http://archive.ubuntu.com/ubuntu noble-updates InRelease2025-10-03 16:13:06.636Z: 
#16 5.030 Hit:3 http://security.ubuntu.com/ubuntu noble-security InRelease
#16 5.040 Hit:4 http://archive.ubuntu.com/ubuntu noble-backports InRelease
2025-10-03 16:13:06.689Z: #16 5.244 Reading package lists...2025-10-03 16:13:07.480Z: 
2025-10-03 16:13:07.649Z: #16 6.053 Reading package lists...2025-10-03 16:13:08.268Z: 
2025-10-03 16:13:08.428Z: #16 6.833 Building dependency tree...2025-10-03 16:13:08.449Z: 
#16 7.004 Reading state information...2025-10-03 16:13:08.592Z: 
#16 7.147 The following additional packages will be installed:
#16 7.147   libdrm-amdgpu1 libdrm-common libdrm-intel1 libdrm2 libfontenc1 libgbm1
2025-10-03 16:13:08.710Z: #16 7.147   libgl1 libgl1-mesa-dri libglvnd0 libglx-mesa0 libglx0 libice6 libllvm20
#16 7.147   libpciaccess0 libpixman-1-0 libsensors-config libsensors5 libsm6 libvulkan1
#16 7.148   libwayland-server0 libx11-xcb1 libxaw7 libxcb-dri3-0 libxcb-glx0
#16 7.148   libxcb-present0 libxcb-randr0 libxcb-shm0 libxcb-sync1 libxcb-xfixes0
#16 7.148   libxfont2 libxkbfile1 libxmu6 libxmuu1 libxpm4 libxrandr2 libxshmfence1
#16 7.148   libxt6t64 libxxf86vm1 mesa-libgallium x11-xkb-utils xauth xkb-data2025-10-03 16:13:08.710Z: 
#16 7.148   xserver-common
#16 7.149 Suggested packages:
#16 7.149   pciutils lm-sensors
#16 7.149 Recommended packages:
#16 7.149   mesa-vulkan-drivers | vulkan-icd xfonts-base
#16 7.206 The following NEW packages will be installed:
#16 7.206   libdrm-amdgpu1 libdrm-common libdrm-intel1 libdrm2 libfontenc1 libgbm1
#16 7.206   libgl1 libgl1-mesa-dri libglvnd0 libglx-mesa0 libglx0 libice6 libllvm20
#16 7.207   libpciaccess0 libpixman-1-0 libsensors-config libsensors5 libsm6 libvulkan1
#16 7.207   libwayland-server0 libx11-xcb1 libxaw7 libxcb-dri3-0 libxcb-glx0
#16 7.207   libxcb-present0 libxcb-randr0 libxcb-shm0 libxcb-sync1 libxcb-xfixes0
#16 7.207   libxfont2 libxkbfile1 libxmu6 libxmuu1 libxpm4 libxrandr2 libxshmfence1
#16 7.207   libxt6t64 libxxf86vm1 mesa-libgallium x11-xkb-utils xauth xkb-data
#16 7.207   xserver-common xvfb
#16 7.265 0 upgraded, 44 newly installed, 0 to remove and 27 not upgraded.
#16 7.265 Need to get 44.3 MB of archives.
#16 7.265 After this operation, 200 MB of additional disk space will be used.
#16 7.265 Get:1 http://archive.ubuntu.com/ubuntu noble-updates/main amd64 xkb-data all 2.41-2ubuntu1.1 [397 kB]
2025-10-03 16:13:08.959Z: #16 7.340 Get:2 http://archive.ubuntu.com/ubuntu noble-updates/main amd64 libdrm-common all 2.4.122-1~ubuntu0.24.04.1 [8406 B]
#16 7.340 Get:3 http://archive.ubuntu.com/ubuntu noble-updates/main amd64 libdrm2 amd64 2.4.122-1~ubuntu0.24.04.1 [40.6 kB]
#16 7.341 Get:4 http://archive.ubuntu.com/ubuntu noble/main amd64 libsensors-config all 1:3.6.0-9build1 [5546 B]
#16 7.341 Get:5 http://archive.ubuntu.com/ubuntu noble/main amd64 libsensors5 amd64 1:3.6.0-9build1 [26.6 kB]
#16 7.342 Get:6 http://archive.ubuntu.com/ubuntu noble/main amd64 libxmuu1 amd64 2:1.1.3-3build2 [8958 B]
#16 7.342 Get:7 http://archive.ubuntu.com/ubuntu noble/main amd64 xauth amd64 1:1.1.2-1build1 [25.6 kB]
#16 7.342 Get:8 http://archive.ubuntu.com/ubuntu noble-updates/main amd64 libdrm-amdgpu1 amd64 2.4.122-1~ubuntu0.24.04.1 [20.7 kB]
2025-10-03 16:13:08.960Z: #16 7.343 Get:9 http://archive.ubuntu.com/ubuntu noble-updates/main amd64 libpciaccess0 amd64 0.17-3ubuntu0.24.04.2 [18.9 kB]
#16 7.343 Get:10 http://archive.ubuntu.com/ubuntu noble-updates/main amd64 libdrm-intel1 amd64 2.4.122-1~ubuntu0.24.04.1 [63.8 kB]
#16 7.351 Get:11 http://archive.ubuntu.com/ubuntu noble/main amd64 libfontenc1 amd64 1:1.1.8-1build1 [14.0 kB]
#16 7.363 Get:12 http://archive.ubuntu.com/ubuntu noble/main amd64 libwayland-server0 amd64 1.22.0-2.1build1 [33.9 kB]
#16 7.364 Get:13 http://archive.ubuntu.com/ubuntu noble-updates/main amd64 libllvm20 amd64 1:20.1.2-0ubuntu1~24.04.2 [30.6 MB]
2025-10-03 16:13:09.059Z: #16 7.613 Get:14 http://archive.ubuntu.com/ubuntu noble/main amd64 libx11-xcb1 amd64 2:1.8.7-1build1 [7800 B]
2025-10-03 16:13:09.158Z: #16 7.613 Get:15 http://archive.ubuntu.com/ubuntu noble/main amd64 libxcb-dri3-0 amd64 1.15-1ubuntu2 [7142 B]
#16 7.615 Get:16 http://archive.ubuntu.com/ubuntu noble/main amd64 libxcb-present0 amd64 1.15-1ubuntu2 [5676 B]
#16 7.616 Get:17 http://archive.ubuntu.com/ubuntu noble/main amd64 libxcb-randr0 amd64 1.15-1ubuntu2 [17.9 kB]
#16 7.616 Get:18 http://archive.ubuntu.com/ubuntu noble/main amd64 libxcb-sync1 amd64 1.15-1ubuntu2 [9312 B]
#16 7.616 Get:19 http://archive.ubuntu.com/ubuntu noble/main amd64 libxcb-xfixes0 amd64 1.15-1ubuntu2 [10.2 kB]
#16 7.616 Get:20 http://archive.ubuntu.com/ubuntu noble/main amd64 libxshmfence1 amd64 1.3-1build5 [4764 B]
#16 7.617 Get:21 http://archive.ubuntu.com/ubuntu noble-updates/main amd64 mesa-libgallium amd64 25.0.7-0ubuntu0.24.04.2 [10.3 MB]
#16 7.683 Get:22 http://archive.ubuntu.com/ubuntu noble-updates/main amd64 libgbm1 amd64 25.0.7-0ubuntu0.24.04.2 [32.7 kB]
#16 7.683 Get:23 http://archive.ubuntu.com/ubuntu noble/main amd64 libvulkan1 amd64 1.3.275.0-1build1 [142 kB]
#16 7.684 Get:24 http://archive.ubuntu.com/ubuntu noble-updates/main amd64 libgl1-mesa-dri amd64 25.0.7-0ubuntu0.24.04.2 [35.8 kB]
#16 7.685 Get:25 http://archive.ubuntu.com/ubuntu noble/main amd64 libxcb-glx0 amd64 1.15-1ubuntu2 [24.8 kB]
#16 7.685 Get:26 http://archive.ubuntu.com/ubuntu noble/main amd64 libxcb-shm0 amd64 1.15-1ubuntu2 [5756 B]
#16 7.686 Get:27 http://archive.ubuntu.com/ubuntu noble/main amd64 libxxf86vm1 amd64 1:1.1.4-1build4 [9282 B]
#16 7.686 Get:28 http://archive.ubuntu.com/ubuntu noble-updates/main amd64 libglx-mesa0 amd64 25.0.7-0ubuntu0.24.04.2 [141 kB]
#16 7.687 Get:29 http://archive.ubuntu.com/ubuntu noble/main amd64 libice6 amd64 2:1.0.10-1build3 [41.4 kB]
#16 7.688 Get:30 http://archive.ubuntu.com/ubuntu noble/main amd64 libpixman-1-0 amd64 0.42.2-1build1 [279 kB]
#16 7.696 Get:31 http://archive.ubuntu.com/ubuntu noble/main amd64 libsm6 amd64 2:1.2.3-1build3 [15.7 kB]
#16 7.697 Get:32 http://archive.ubuntu.com/ubuntu noble/main amd64 libxt6t64 amd64 1:1.2.1-1.2build1 [171 kB]2025-10-03 16:13:09.159Z: 
#16 7.708 Get:33 http://archive.ubuntu.com/ubuntu noble/main amd64 libxmu6 amd64 2:1.1.3-3build2 [47.6 kB]
#16 7.709 Get:34 http://archive.ubuntu.com/ubuntu noble/main amd64 libxpm4 amd64 1:3.5.17-1build2 [36.5 kB]
#16 7.709 Get:35 http://archive.ubuntu.com/ubuntu noble/main amd64 libxaw7 amd64 2:1.0.14-1build2 [187 kB]
#16 7.711 Get:36 http://archive.ubuntu.com/ubuntu noble/main amd64 libxfont2 amd64 1:2.0.6-1build1 [93.0 kB]
#16 7.712 Get:37 http://archive.ubuntu.com/ubuntu noble/main amd64 libxkbfile1 amd64 1:1.1.0-1build4 [70.0 kB]
#16 7.712 Get:38 http://archive.ubuntu.com/ubuntu noble/main amd64 libxrandr2 amd64 2:1.5.2-2build1 [19.7 kB]
#16 7.713 Get:39 http://archive.ubuntu.com/ubuntu noble/main amd64 x11-xkb-utils amd64 7.7+8build2 [170 kB]
#16 7.714 Get:40 http://archive.ubuntu.com/ubuntu noble-updates/main amd64 xserver-common all 2:21.1.12-1ubuntu1.4 [34.4 kB]
2025-10-03 16:13:09.328Z: #16 7.720 Get:41 http://archive.ubuntu.com/ubuntu noble/main amd64 libglvnd0 amd64 1.7.0-1build1 [69.6 kB]
#16 7.721 Get:42 http://archive.ubuntu.com/ubuntu noble/main amd64 libglx0 amd64 1.7.0-1build1 [38.6 kB]
#16 7.732 Get:43 http://archive.ubuntu.com/ubuntu noble/main amd64 libgl1 amd64 1.7.0-1build1 [102 kB]
#16 7.733 Get:44 http://archive.ubuntu.com/ubuntu noble-updates/universe amd64 xvfb amd64 2:21.1.12-1ubuntu1.4 [877 kB]
2025-10-03 16:13:11.457Z: #16 10.01 Fetched 44.3 MB in 1s (85.0 MB/s)
2025-10-03 16:13:11.635Z: #16 10.04 Selecting previously unselected package xkb-data.
2025-10-03 16:13:11.635Z: 
#16 10.04 (Reading database ... 
(Reading database ... 5%
(Reading database ... 10%
(Reading database ... 15%
(Reading database ... 20%
(Reading database ... 25%
(Reading database ... 30%
(Reading database ... 35%
(Reading database ... 40%
(Reading database ... 45%
(Reading database ... 50%
(Reading database ... 55%
(Reading database ... 60%
(Reading database ... 65%
(Reading database ... 70%
(Reading database ... 75%
(Reading database ... 80%
(Reading database ... 85%
(Reading database ... 90%
(Reading database ... 95%
(Reading database ... 100%
(Reading database ... 27073 files and directories currently installed.)

#16 10.07 Preparing to unpack .../00-xkb-data_2.41-2ubuntu1.1_all.deb ...

#16 10.07 Unpacking xkb-data (2.41-2ubuntu1.1) ...

#16 10.19 Selecting previously unselected package libdrm-common.

2025-10-03 16:13:11.773Z: #16 10.19 Preparing to unpack .../01-libdrm-common_2.4.122-1~ubuntu0.24.04.1_all.deb ...

#16 10.20 Unpacking libdrm-common (2.4.122-1~ubuntu0.24.04.1) ...

#16 10.22 Selecting previously unselected package libdrm2:amd64.

#16 10.22 Preparing to unpack .../02-libdrm2_2.4.122-1~ubuntu0.24.04.1_amd64.deb ...

#16 10.23 Unpacking libdrm2:amd64 (2.4.122-1~ubuntu0.24.04.1) ...

#16 10.26 Selecting previously unselected package libsensors-config.

#16 10.26 Preparing to unpack .../03-libsensors-config_1%3a3.6.0-9build1_all.deb ...

#16 10.27 Unpacking libsensors-config (1:3.6.0-9build1) ...

#16 10.33 Selecting previously unselected package libsensors5:amd64.

2025-10-03 16:13:11.997Z: #16 10.33 Preparing to unpack .../04-libsensors5_1%3a3.6.0-9build1_amd64.deb ...

#16 10.34 Unpacking libsensors5:amd64 (1:3.6.0-9build1) ...

#16 10.37 Selecting previously unselected package libxmuu1:amd64.

#16 10.37 Preparing to unpack .../05-libxmuu1_2%3a1.1.3-3build2_amd64.deb ...

#16 10.37 Unpacking libxmuu1:amd64 (2:1.1.3-3build2) ...

#16 10.40 Selecting previously unselected package xauth.

#16 10.40 Preparing to unpack .../06-xauth_1%3a1.1.2-1build1_amd64.deb ...

#16 10.40 Unpacking xauth (1:1.1.2-1build1) ...

2025-10-03 16:13:12.573Z: #16 11.13 Selecting previously unselected package libdrm-amdgpu1:amd64.
2025-10-03 16:13:12.574Z: 
2025-10-03 16:13:12.674Z: #16 11.13 Preparing to unpack .../07-libdrm-amdgpu1_2.4.122-1~ubuntu0.24.04.1_amd64.deb ...

#16 11.14 Unpacking libdrm-amdgpu1:amd64 (2.4.122-1~ubuntu0.24.04.1) ...

#16 11.17 Selecting previously unselected package libpciaccess0:amd64.

#16 11.18 Preparing to unpack .../08-libpciaccess0_0.17-3ubuntu0.24.04.2_amd64.deb ...

#16 11.18 Unpacking libpciaccess0:amd64 (0.17-3ubuntu0.24.04.2) ...

#16 11.20 Selecting previously unselected package libdrm-intel1:amd64.

#16 11.20 Preparing to unpack .../09-libdrm-intel1_2.4.122-1~ubuntu0.24.04.1_amd64.deb ...
2025-10-03 16:13:12.674Z: 
#16 11.21 Unpacking libdrm-intel1:amd64 (2.4.122-1~ubuntu0.24.04.1) ...

#16 11.23 Selecting previously unselected package libfontenc1:amd64.

2025-10-03 16:13:12.886Z: #16 11.23 Preparing to unpack .../10-libfontenc1_1%3a1.1.8-1build1_amd64.deb ...

#16 11.23 Unpacking libfontenc1:amd64 (1:1.1.8-1build1) ...

#16 11.26 Selecting previously unselected package libwayland-server0:amd64.
2025-10-03 16:13:12.886Z: 
#16 11.26 Preparing to unpack .../11-libwayland-server0_1.22.0-2.1build1_amd64.deb ...

#16 11.26 Unpacking libwayland-server0:amd64 (1.22.0-2.1build1) ...

#16 11.28 Selecting previously unselected package libllvm20:amd64.

#16 11.29 Preparing to unpack .../12-libllvm20_1%3a20.1.2-0ubuntu1~24.04.2_amd64.deb ...

#16 11.29 Unpacking libllvm20:amd64 (1:20.1.2-0ubuntu1~24.04.2) ...

2025-10-03 16:13:13.910Z: #16 12.46 Selecting previously unselected package libx11-xcb1:amd64.

2025-10-03 16:13:14.011Z: #16 12.47 Preparing to unpack .../13-libx11-xcb1_2%3a1.8.7-1build1_amd64.deb ...
2025-10-03 16:13:14.011Z: 
#16 12.47 Unpacking libx11-xcb1:amd64 (2:1.8.7-1build1) ...

#16 12.50 Selecting previously unselected package libxcb-dri3-0:amd64.

#16 12.50 Preparing to unpack .../14-libxcb-dri3-0_1.15-1ubuntu2_amd64.deb ...

#16 12.50 Unpacking libxcb-dri3-0:amd64 (1.15-1ubuntu2) ...

#16 12.53 Selecting previously unselected package libxcb-present0:amd64.

#16 12.53 Preparing to unpack .../15-libxcb-present0_1.15-1ubuntu2_amd64.deb ...

#16 12.53 Unpacking libxcb-present0:amd64 (1.15-1ubuntu2) ...

#16 12.56 Selecting previously unselected package libxcb-randr0:amd64.

#16 12.56 Preparing to unpack .../16-libxcb-randr0_1.15-1ubuntu2_amd64.deb ...

#16 12.57 Unpacking libxcb-randr0:amd64 (1.15-1ubuntu2) ...

2025-10-03 16:13:14.112Z: #16 12.59 Selecting previously unselected package libxcb-sync1:amd64.

#16 12.60 Preparing to unpack .../17-libxcb-sync1_1.15-1ubuntu2_amd64.deb ...

#16 12.60 Unpacking libxcb-sync1:amd64 (1.15-1ubuntu2) ...

#16 12.63 Selecting previously unselected package libxcb-xfixes0:amd64.

#16 12.63 Preparing to unpack .../18-libxcb-xfixes0_1.15-1ubuntu2_amd64.deb ...

#16 12.63 Unpacking libxcb-xfixes0:amd64 (1.15-1ubuntu2) ...

#16 12.66 Selecting previously unselected package libxshmfence1:amd64.

#16 12.66 Preparing to unpack .../19-libxshmfence1_1.3-1build5_amd64.deb ...

#16 12.67 Unpacking libxshmfence1:amd64 (1.3-1build5) ...

2025-10-03 16:13:14.294Z: #16 12.69 Selecting previously unselected package mesa-libgallium:amd64.

#16 12.70 Preparing to unpack .../20-mesa-libgallium_25.0.7-0ubuntu0.24.04.2_amd64.deb ...

#16 12.70 Unpacking mesa-libgallium:amd64 (25.0.7-0ubuntu0.24.04.2) ...

2025-10-03 16:13:14.349Z: #16 12.90 Selecting previously unselected package libgbm1:amd64.

2025-10-03 16:13:14.450Z: #16 12.91 Preparing to unpack .../21-libgbm1_25.0.7-0ubuntu0.24.04.2_amd64.deb ...

#16 12.91 Unpacking libgbm1:amd64 (25.0.7-0ubuntu0.24.04.2) ...

#16 12.94 Selecting previously unselected package libvulkan1:amd64.

#16 12.94 Preparing to unpack .../22-libvulkan1_1.3.275.0-1build1_amd64.deb ...

#16 12.94 Unpacking libvulkan1:amd64 (1.3.275.0-1build1) ...

#16 12.97 Selecting previously unselected package libgl1-mesa-dri:amd64.

#16 12.97 Preparing to unpack .../23-libgl1-mesa-dri_25.0.7-0ubuntu0.24.04.2_amd64.deb ...

#16 12.98 Unpacking libgl1-mesa-dri:amd64 (25.0.7-0ubuntu0.24.04.2) ...

#16 13.01 Selecting previously unselected package libxcb-glx0:amd64.

2025-10-03 16:13:14.618Z: #16 13.01 Preparing to unpack .../24-libxcb-glx0_1.15-1ubuntu2_amd64.deb ...

#16 13.01 Unpacking libxcb-glx0:amd64 (1.15-1ubuntu2) ...

#16 13.03 Selecting previously unselected package libxcb-shm0:amd64.

#16 13.04 Preparing to unpack .../25-libxcb-shm0_1.15-1ubuntu2_amd64.deb ...

#16 13.04 Unpacking libxcb-shm0:amd64 (1.15-1ubuntu2) ...

#16 13.06 Selecting previously unselected package libxxf86vm1:amd64.

#16 13.07 Preparing to unpack .../26-libxxf86vm1_1%3a1.1.4-1build4_amd64.deb ...

#16 13.07 Unpacking libxxf86vm1:amd64 (1:1.1.4-1build4) ...

#16 13.17 Selecting previously unselected package libglx-mesa0:amd64.

2025-10-03 16:13:14.735Z: #16 13.18 Preparing to unpack .../27-libglx-mesa0_25.0.7-0ubuntu0.24.04.2_amd64.deb ...

#16 13.18 Unpacking libglx-mesa0:amd64 (25.0.7-0ubuntu0.24.04.2) ...

#16 13.20 Selecting previously unselected package libice6:amd64.

#16 13.21 Preparing to unpack .../28-libice6_2%3a1.0.10-1build3_amd64.deb ...

#16 13.21 Unpacking libice6:amd64 (2:1.0.10-1build3) ...

#16 13.23 Selecting previously unselected package libpixman-1-0:amd64.

#16 13.23 Preparing to unpack .../29-libpixman-1-0_0.42.2-1build1_amd64.deb ...

#16 13.24 Unpacking libpixman-1-0:amd64 (0.42.2-1build1) ...

#16 13.26 Selecting previously unselected package libsm6:amd64.

#16 13.27 Preparing to unpack .../30-libsm6_2%3a1.2.3-1build3_amd64.deb ...

#16 13.27 Unpacking libsm6:amd64 (2:1.2.3-1build3) ...

#16 13.29 Selecting previously unselected package libxt6t64:amd64.

2025-10-03 16:13:14.851Z: #16 13.29 Preparing to unpack .../31-libxt6t64_1%3a1.2.1-1.2build1_amd64.deb ...

#16 13.30 Unpacking libxt6t64:amd64 (1:1.2.1-1.2build1) ...

#16 13.32 Selecting previously unselected package libxmu6:amd64.

#16 13.32 Preparing to unpack .../32-libxmu6_2%3a1.1.3-3build2_amd64.deb ...

#16 13.33 Unpacking libxmu6:amd64 (2:1.1.3-3build2) ...

#16 13.35 Selecting previously unselected package libxpm4:amd64.

#16 13.35 Preparing to unpack .../33-libxpm4_1%3a3.5.17-1build2_amd64.deb ...

#16 13.36 Unpacking libxpm4:amd64 (1:3.5.17-1build2) ...

#16 13.38 Selecting previously unselected package libxaw7:amd64.

#16 13.38 Preparing to unpack .../34-libxaw7_2%3a1.0.14-1build2_amd64.deb ...

#16 13.38 Unpacking libxaw7:amd64 (2:1.0.14-1build2) ...

#16 13.41 Selecting previously unselected package libxfont2:amd64.

2025-10-03 16:13:14.977Z: #16 13.41 Preparing to unpack .../35-libxfont2_1%3a2.0.6-1build1_amd64.deb ...

#16 13.41 Unpacking libxfont2:amd64 (1:2.0.6-1build1) ...

#16 13.44 Selecting previously unselected package libxkbfile1:amd64.

#16 13.44 Preparing to unpack .../36-libxkbfile1_1%3a1.1.0-1build4_amd64.deb ...

#16 13.44 Unpacking libxkbfile1:amd64 (1:1.1.0-1build4) ...
2025-10-03 16:13:14.977Z: 
#16 13.47 Selecting previously unselected package libxrandr2:amd64.

#16 13.47 Preparing to unpack .../37-libxrandr2_2%3a1.5.2-2build1_amd64.deb ...

#16 13.53 Unpacking libxrandr2:amd64 (2:1.5.2-2build1) ...

2025-10-03 16:13:15.077Z: #16 13.57 Selecting previously unselected package x11-xkb-utils.

#16 13.57 Preparing to unpack .../38-x11-xkb-utils_7.7+8build2_amd64.deb ...

#16 13.57 Unpacking x11-xkb-utils (7.7+8build2) ...

#16 13.60 Selecting previously unselected package xserver-common.

#16 13.60 Preparing to unpack .../39-xserver-common_2%3a21.1.12-1ubuntu1.4_all.deb ...

#16 13.61 Unpacking xserver-common (2:21.1.12-1ubuntu1.4) ...

#16 13.63 Selecting previously unselected package libglvnd0:amd64.

#16 13.63 Preparing to unpack .../40-libglvnd0_1.7.0-1build1_amd64.deb ...

2025-10-03 16:13:15.222Z: #16 13.64 Unpacking libglvnd0:amd64 (1.7.0-1build1) ...

2025-10-03 16:13:15.222Z: #16 13.66 Selecting previously unselected package libglx0:amd64.

#16 13.67 Preparing to unpack .../41-libglx0_1.7.0-1build1_amd64.deb ...

#16 13.67 Unpacking libglx0:amd64 (1.7.0-1build1) ...

#16 13.69 Selecting previously unselected package libgl1:amd64.

#16 13.70 Preparing to unpack .../42-libgl1_1.7.0-1build1_amd64.deb ...

#16 13.70 Unpacking libgl1:amd64 (1.7.0-1build1) ...

#16 13.72 Selecting previously unselected package xvfb.

#16 13.72 Preparing to unpack .../43-xvfb_2%3a21.1.12-1ubuntu1.4_amd64.deb ...

#16 13.72 Unpacking xvfb (2:21.1.12-1ubuntu1.4) ...

#16 13.78 Setting up libxcb-dri3-0:amd64 (1.15-1ubuntu2) ...

2025-10-03 16:13:15.367Z: #16 13.78 Setting up libpixman-1-0:amd64 (0.42.2-1build1) ...

#16 13.79 Setting up libwayland-server0:amd64 (1.22.0-2.1build1) ...

#16 13.80 Setting up libx11-xcb1:amd64 (2:1.8.7-1build1) ...

#16 13.80 Setting up libice6:amd64 (2:1.0.10-1build3) ...

#16 13.81 Setting up libpciaccess0:amd64 (0.17-3ubuntu0.24.04.2) ...

#16 13.82 Setting up libxcb-xfixes0:amd64 (1.15-1ubuntu2) ...

#16 13.83 Setting up libxpm4:amd64 (1:3.5.17-1build2) ...

#16 13.83 Setting up libglvnd0:amd64 (1.7.0-1build1) ...

#16 13.84 Setting up libxcb-glx0:amd64 (1.15-1ubuntu2) ...

#16 13.84 Setting up libsensors-config (1:3.6.0-9build1) ...

#16 13.92 Setting up xkb-data (2.41-2ubuntu1.1) ...

2025-10-03 16:13:15.468Z: #16 13.94 Setting up libxcb-shm0:amd64 (1.15-1ubuntu2) ...

#16 13.94 Setting up libxxf86vm1:amd64 (1:1.1.4-1build4) ...

#16 13.95 Setting up libxcb-present0:amd64 (1.15-1ubuntu2) ...

2025-10-03 16:13:15.468Z: #16 13.96 Setting up libfontenc1:amd64 (1:1.1.8-1build1) ...

#16 13.96 Setting up libxcb-sync1:amd64 (1.15-1ubuntu2) ...

#16 13.97 Setting up libxrandr2:amd64 (2:1.5.2-2build1) ...

#16 13.97 Setting up libllvm20:amd64 (1:20.1.2-0ubuntu1~24.04.2) ...

#16 13.98 Setting up libsensors5:amd64 (1:3.6.0-9build1) ...

#16 13.99 Setting up libvulkan1:amd64 (1.3.275.0-1build1) ...

#16 13.99 Setting up libxshmfence1:amd64 (1.3-1build5) ...

#16 14.00 Setting up libxcb-randr0:amd64 (1.15-1ubuntu2) ...

#16 14.00 Setting up libxkbfile1:amd64 (1:1.1.0-1build4) ...

#16 14.01 Setting up libdrm-common (2.4.122-1~ubuntu0.24.04.1) ...

#16 14.02 Setting up libsm6:amd64 (2:1.2.3-1build3) ...

#16 14.02 Setting up libxfont2:amd64 (1:2.0.6-1build1) ...

2025-10-03 16:13:15.570Z: #16 14.03 Setting up libxmuu1:amd64 (2:1.1.3-3build2) ...

#16 14.04 Setting up libxt6t64:amd64 (1:1.2.1-1.2build1) ...

#16 14.04 Setting up libdrm2:amd64 (2.4.122-1~ubuntu0.24.04.1) ...

#16 14.05 Setting up xauth (1:1.1.2-1build1) ...

#16 14.05 Setting up libdrm-amdgpu1:amd64 (2.4.122-1~ubuntu0.24.04.1) ...

#16 14.06 Setting up libxmu6:amd64 (2:1.1.3-3build2) ...

#16 14.07 Setting up libdrm-intel1:amd64 (2.4.122-1~ubuntu0.24.04.1) ...

#16 14.07 Setting up libxaw7:amd64 (2:1.0.14-1build2) ...

#16 14.08 Setting up mesa-libgallium:amd64 (25.0.7-0ubuntu0.24.04.2) ...

2025-10-03 16:13:15.571Z: #16 14.09 Setting up libgbm1:amd64 (25.0.7-0ubuntu0.24.04.2) ...

#16 14.09 Setting up x11-xkb-utils (7.7+8build2) ...

#16 14.10 Setting up libgl1-mesa-dri:amd64 (25.0.7-0ubuntu0.24.04.2) ...

#16 14.11 Setting up xserver-common (2:21.1.12-1ubuntu1.4) ...

#16 14.12 Setting up libglx-mesa0:amd64 (25.0.7-0ubuntu0.24.04.2) ...

#16 14.13 Setting up libglx0:amd64 (1.7.0-1build1) ...

2025-10-03 16:13:15.741Z: #16 14.13 Setting up libgl1:amd64 (1.7.0-1build1) ...

#16 14.14 Setting up xvfb (2:21.1.12-1ubuntu1.4) ...

#16 14.15 Processing triggers for man-db (2.12.0-4build2) ...

2025-10-03 16:13:15.766Z: #16 14.32 Processing triggers for libc-bin (2.39-0ubuntu8.4) ...

2025-10-03 16:13:16.286Z: #16 14.84 Collecting matlab-proxy
2025-10-03 16:13:16.393Z: #16 14.88   Downloading matlab_proxy-0.27.3-py3-none-any.whl.metadata (11 kB)
#16 14.95 Collecting aiohttp-session[secure] (from matlab-proxy)
2025-10-03 16:13:16.581Z: #16 14.99   Downloading aiohttp_session-2.12.1-py3-none-any.whl.metadata (8.6 kB)
2025-10-03 16:13:16.977Z: #16 15.53 Collecting aiohttp>=3.7.4 (from matlab-proxy)
2025-10-03 16:13:17.125Z: #16 15.54   Downloading aiohttp-3.12.15-cp312-cp312-manylinux_2_17_x86_64.manylinux2014_x86_64.whl.metadata (7.7 kB)
#16 15.61 Collecting importlib-metadata (from matlab-proxy)
#16 15.61   Downloading importlib_metadata-8.7.0-py3-none-any.whl.metadata (4.8 kB)
#16 15.68 Collecting importlib-resources (from matlab-proxy)
2025-10-03 16:13:17.253Z: #16 15.68   Downloading importlib_resources-6.5.2-py3-none-any.whl.metadata (3.9 kB)
#16 15.81 Collecting psutil (from matlab-proxy)
2025-10-03 16:13:17.400Z: #16 15.82   Downloading psutil-7.1.0-cp36-abi3-manylinux_2_12_x86_64.manylinux2010_x86_64.manylinux_2_17_x86_64.manylinux2014_x86_64.whl.metadata (23 kB)
#16 15.87 Collecting requests (from matlab-proxy)
#16 15.87   Downloading requests-2.32.5-py3-none-any.whl.metadata (4.9 kB)
#16 15.95 Collecting rich (from matlab-proxy)
2025-10-03 16:13:17.502Z: #16 15.96   Downloading rich-14.1.0-py3-none-any.whl.metadata (18 kB)
#16 16.06 Collecting watchdog (from matlab-proxy)
2025-10-03 16:13:17.613Z: #16 16.06   Downloading watchdog-6.0.0-py3-none-manylinux2014_x86_64.whl.metadata (44 kB)
2025-10-03 16:13:17.614Z: #16 16.07      ━━━━━━━━━━━━━━━━━━━━━━━━━━━━━━━━━━━━━━━━ 44.3/44.3 kB 6.5 MB/s eta 0:00:00
#16 16.11 Collecting aiohappyeyeballs>=2.5.0 (from aiohttp>=3.7.4->matlab-proxy)
#16 16.11   Downloading aiohappyeyeballs-2.6.1-py3-none-any.whl.metadata (5.9 kB)
#16 16.14 Collecting aiosignal>=1.4.0 (from aiohttp>=3.7.4->matlab-proxy)
#16 16.14   Downloading aiosignal-1.4.0-py3-none-any.whl.metadata (3.7 kB)
#16 16.17 Collecting attrs>=17.3.0 (from aiohttp>=3.7.4->matlab-proxy)
2025-10-03 16:13:17.856Z: #16 16.17   Downloading attrs-25.3.0-py3-none-any.whl.metadata (10 kB)
#16 16.25 Collecting frozenlist>=1.1.1 (from aiohttp>=3.7.4->matlab-proxy)
#16 16.26   Downloading frozenlist-1.7.0-cp312-cp312-manylinux_2_5_x86_64.manylinux1_x86_64.manylinux_2_17_x86_64.manylinux2014_x86_64.whl.metadata (18 kB)2025-10-03 16:13:17.856Z: 
2025-10-03 16:13:18.042Z: #16 16.60 Collecting multidict<7.0,>=4.5 (from aiohttp>=3.7.4->matlab-proxy)
2025-10-03 16:13:18.197Z: #16 16.60   Downloading multidict-6.6.4-cp312-cp312-manylinux2014_x86_64.manylinux_2_17_x86_64.manylinux_2_28_x86_64.whl.metadata (5.3 kB)
2025-10-03 16:13:18.197Z: #16 16.75 Collecting propcache>=0.2.0 (from aiohttp>=3.7.4->matlab-proxy)
2025-10-03 16:13:18.351Z: #16 16.76   Downloading propcache-0.3.2-cp312-cp312-manylinux_2_17_x86_64.manylinux2014_x86_64.whl.metadata (12 kB)2025-10-03 16:13:18.352Z: 
2025-10-03 16:13:18.573Z: #16 17.13 Collecting yarl<2.0,>=1.17.0 (from aiohttp>=3.7.4->matlab-proxy)
2025-10-03 16:13:18.737Z: #16 17.13   Downloading yarl-1.20.1-cp312-cp312-manylinux_2_17_x86_64.manylinux2014_x86_64.whl.metadata (73 kB)
#16 17.14      ━━━━━━━━━━━━━━━━━━━━━━━━━━━━━━━━━━━━━━━━ 73.9/73.9 kB 9.0 MB/s eta 0:00:00
2025-10-03 16:13:18.868Z: #16 17.42 Collecting cryptography (from aiohttp-session[secure]->matlab-proxy)
2025-10-03 16:13:19.095Z: #16 17.43   Downloading cryptography-46.0.2-cp311-abi3-manylinux_2_34_x86_64.whl.metadata (5.7 kB)
#16 17.50 Collecting zipp>=3.20 (from importlib-metadata->matlab-proxy)
#16 17.50   Downloading zipp-3.23.0-py3-none-any.whl.metadata (3.6 kB)
2025-10-03 16:13:19.208Z: #16 17.76 Collecting charset_normalizer<4,>=2 (from requests->matlab-proxy)
2025-10-03 16:13:19.324Z: #16 17.77   Downloading charset_normalizer-3.4.3-cp312-cp312-manylinux2014_x86_64.manylinux_2_17_x86_64.manylinux_2_28_x86_64.whl.metadata (36 kB)
#16 17.82 Collecting idna<4,>=2.5 (from requests->matlab-proxy)
#16 17.82   Downloading idna-3.10-py3-none-any.whl.metadata (10 kB)
#16 17.88 Collecting urllib3<3,>=1.21.1 (from requests->matlab-proxy)
2025-10-03 16:13:19.452Z: #16 17.88   Downloading urllib3-2.5.0-py3-none-any.whl.metadata (6.5 kB)
#16 17.93 Collecting certifi>=2017.4.17 (from requests->matlab-proxy)
#16 17.93   Downloading certifi-2025.8.3-py3-none-any.whl.metadata (2.4 kB)
#16 17.97 Collecting markdown-it-py>=2.2.0 (from rich->matlab-proxy)
#16 17.97   Downloading markdown_it_py-4.0.0-py3-none-any.whl.metadata (7.3 kB)
#16 18.01 Collecting pygments<3.0.0,>=2.13.0 (from rich->matlab-proxy)
2025-10-03 16:13:19.611Z: #16 18.01   Downloading pygments-2.19.2-py3-none-any.whl.metadata (2.5 kB)2025-10-03 16:13:19.611Z: 
#16 18.05 Collecting typing-extensions>=4.2 (from aiosignal>=1.4.0->aiohttp>=3.7.4->matlab-proxy)
2025-10-03 16:13:19.611Z: #16 18.05   Downloading typing_extensions-4.15.0-py3-none-any.whl.metadata (3.3 kB)2025-10-03 16:13:19.624Z: 
#16 18.16 Collecting mdurl~=0.1 (from markdown-it-py>=2.2.0->rich->matlab-proxy)
2025-10-03 16:13:19.769Z: #16 18.17   Downloading mdurl-0.1.2-py3-none-any.whl.metadata (1.6 kB)
2025-10-03 16:13:19.882Z: #16 18.44 Collecting cffi>=2.0.0 (from cryptography->aiohttp-session[secure]->matlab-proxy)
2025-10-03 16:13:19.988Z: #16 18.44   Downloading cffi-2.0.0-cp312-cp312-manylinux2014_x86_64.manylinux_2_17_x86_64.whl.metadata (2.6 kB)
#16 18.49 Collecting pycparser (from cffi>=2.0.0->cryptography->aiohttp-session[secure]->matlab-proxy)
#16 18.50   Downloading pycparser-2.23-py3-none-any.whl.metadata (993 bytes)
#16 18.52 Downloading matlab_proxy-0.27.3-py3-none-any.whl (882 kB)
#16 18.54    ━━━━━━━━━━━━━━━━━━━━━━━━━━━━━━━━━━━━━━━━ 882.7/882.7 kB 40.3 MB/s eta 0:00:002025-10-03 16:13:20.092Z: 
#16 18.55 Downloading aiohttp-3.12.15-cp312-cp312-manylinux_2_17_x86_64.manylinux2014_x86_64.whl (1.7 MB)
#16 18.58    ━━━━━━━━━━━━━━━━━━━━━━━━━━━━━━━━━━━━━━━━ 1.7/1.7 MB 49.2 MB/s eta 0:00:00
#16 18.59 Downloading importlib_metadata-8.7.0-py3-none-any.whl (27 kB)
#16 18.60 Downloading importlib_resources-6.5.2-py3-none-any.whl (37 kB)
#16 18.61 Downloading psutil-7.1.0-cp36-abi3-manylinux_2_12_x86_64.manylinux2010_x86_64.manylinux_2_17_x86_64.manylinux2014_x86_64.whl (291 kB)
#16 18.62    ━━━━━━━━━━━━━━━━━━━━━━━━━━━━━━━━━━━━━━━━ 291.2/291.2 kB 28.3 MB/s eta 0:00:00
#16 18.63 Downloading requests-2.32.5-py3-none-any.whl (64 kB)
#16 18.63    ━━━━━━━━━━━━━━━━━━━━━━━━━━━━━━━━━━━━━━━━ 64.7/64.7 kB 10.4 MB/s eta 0:00:00
#16 18.64 Downloading rich-14.1.0-py3-none-any.whl (243 kB)
#16 18.65    ━━━━━━━━━━━━━━━━━━━━━━━━━━━━━━━━━━━━━━━━ 243.4/243.4 kB 29.7 MB/s eta 0:00:002025-10-03 16:13:20.201Z: 
#16 18.65 Downloading watchdog-6.0.0-py3-none-manylinux2014_x86_64.whl (79 kB)
#16 18.66    ━━━━━━━━━━━━━━━━━━━━━━━━━━━━━━━━━━━━━━━━ 79.1/79.1 kB 11.5 MB/s eta 0:00:00
#16 18.66 Downloading aiohappyeyeballs-2.6.1-py3-none-any.whl (15 kB)
#16 18.67 Downloading aiosignal-1.4.0-py3-none-any.whl (7.5 kB)
#16 18.68 Downloading attrs-25.3.0-py3-none-any.whl (63 kB)
#16 18.69    ━━━━━━━━━━━━━━━━━━━━━━━━━━━━━━━━━━━━━━━━ 63.8/63.8 kB 9.0 MB/s eta 0:00:00
#16 18.69 Downloading certifi-2025.8.3-py3-none-any.whl (161 kB)
#16 18.70    ━━━━━━━━━━━━━━━━━━━━━━━━━━━━━━━━━━━━━━━━ 161.2/161.2 kB 20.0 MB/s eta 0:00:00
#16 18.70 Downloading charset_normalizer-3.4.3-cp312-cp312-manylinux2014_x86_64.manylinux_2_17_x86_64.manylinux_2_28_x86_64.whl (151 kB)
#16 18.71    ━━━━━━━━━━━━━━━━━━━━━━━━━━━━━━━━━━━━━━━━ 151.8/151.8 kB 21.2 MB/s eta 0:00:00
#16 18.71 Downloading frozenlist-1.7.0-cp312-cp312-manylinux_2_5_x86_64.manylinux1_x86_64.manylinux_2_17_x86_64.manylinux2014_x86_64.whl (241 kB)
#16 18.73    ━━━━━━━━━━━━━━━━━━━━━━━━━━━━━━━━━━━━━━━━ 241.8/241.8 kB 27.7 MB/s eta 0:00:00
#16 18.73 Downloading idna-3.10-py3-none-any.whl (70 kB)
#16 18.74    ━━━━━━━━━━━━━━━━━━━━━━━━━━━━━━━━━━━━━━━━ 70.4/70.4 kB 9.3 MB/s eta 0:00:00
#16 18.74 Downloading markdown_it_py-4.0.0-py3-none-any.whl (87 kB)
#16 18.75    ━━━━━━━━━━━━━━━━━━━━━━━━━━━━━━━━━━━━━━━━ 87.3/87.3 kB 8.3 MB/s eta 0:00:002025-10-03 16:13:20.315Z: 
#16 18.76 Downloading multidict-6.6.4-cp312-cp312-manylinux2014_x86_64.manylinux_2_17_x86_64.manylinux_2_28_x86_64.whl (256 kB)
#16 18.77    ━━━━━━━━━━━━━━━━━━━━━━━━━━━━━━━━━━━━━━━━ 256.1/256.1 kB 20.5 MB/s eta 0:00:00
#16 18.78 Downloading propcache-0.3.2-cp312-cp312-manylinux_2_17_x86_64.manylinux2014_x86_64.whl (224 kB)
#16 18.79    ━━━━━━━━━━━━━━━━━━━━━━━━━━━━━━━━━━━━━━━━ 224.4/224.4 kB 24.0 MB/s eta 0:00:00
#16 18.79 Downloading pygments-2.19.2-py3-none-any.whl (1.2 MB)
#16 18.83    ━━━━━━━━━━━━━━━━━━━━━━━━━━━━━━━━━━━━━━━━ 1.2/1.2 MB 32.8 MB/s eta 0:00:00
#16 18.84 Downloading urllib3-2.5.0-py3-none-any.whl (129 kB)
#16 18.85    ━━━━━━━━━━━━━━━━━━━━━━━━━━━━━━━━━━━━━━━━ 129.8/129.8 kB 20.4 MB/s eta 0:00:00
#16 18.85 Downloading yarl-1.20.1-cp312-cp312-manylinux_2_17_x86_64.manylinux2014_x86_64.whl (355 kB)
#16 18.87    ━━━━━━━━━━━━━━━━━━━━━━━━━━━━━━━━━━━━━━━━ 355.6/355.6 kB 33.4 MB/s eta 0:00:002025-10-03 16:13:20.419Z: 
#16 18.87 Downloading zipp-3.23.0-py3-none-any.whl (10 kB)
#16 18.89 Downloading aiohttp_session-2.12.1-py3-none-any.whl (12 kB)
#16 18.89 Downloading cryptography-46.0.2-cp311-abi3-manylinux_2_34_x86_64.whl (4.5 MB)
2025-10-03 16:13:20.420Z: #16 18.97    ━━━━━━━━━━━━━━━━━━━━━━━━━━━━━━━━━━━━━━━━ 4.5/4.5 MB 57.0 MB/s eta 0:00:002025-10-03 16:13:20.611Z: 
#16 18.98 Downloading cffi-2.0.0-cp312-cp312-manylinux2014_x86_64.manylinux_2_17_x86_64.whl (219 kB)
#16 18.99    ━━━━━━━━━━━━━━━━━━━━━━━━━━━━━━━━━━━━━━━━ 219.6/219.6 kB 30.3 MB/s eta 0:00:00
#16 18.99 Downloading mdurl-0.1.2-py3-none-any.whl (10.0 kB)
#16 19.00 Downloading typing_extensions-4.15.0-py3-none-any.whl (44 kB)
#16 19.00    ━━━━━━━━━━━━━━━━━━━━━━━━━━━━━━━━━━━━━━━━ 44.6/44.6 kB 6.5 MB/s eta 0:00:00
#16 19.01 Downloading pycparser-2.23-py3-none-any.whl (118 kB)
#16 19.01    ━━━━━━━━━━━━━━━━━━━━━━━━━━━━━━━━━━━━━━━━ 118.1/118.1 kB 19.2 MB/s eta 0:00:00
2025-10-03 16:13:20.704Z: #16 19.26 Installing collected packages: zipp, watchdog, urllib3, typing-extensions, pygments, pycparser, psutil, propcache, multidict, mdurl, importlib-resources, idna, frozenlist, charset_normalizer, certifi, attrs, aiohappyeyeballs, yarl, requests, markdown-it-py, importlib-metadata, cffi, aiosignal, rich, cryptography, aiohttp, aiohttp-session, matlab-proxy
2025-10-03 16:13:23.293Z: #16 21.85 Successfully installed aiohappyeyeballs-2.6.1 aiohttp-3.12.15 aiohttp-session-2.12.1 aiosignal-1.4.0 attrs-25.3.0 certifi-2025.8.3 cffi-2.0.0 charset_normalizer-3.4.3 cryptography-46.0.2 frozenlist-1.7.0 idna-3.10 importlib-metadata-8.7.0 importlib-resources-6.5.2 markdown-it-py-4.0.0 matlab-proxy-0.27.3 mdurl-0.1.2 multidict-6.6.4 propcache-0.3.2 psutil-7.1.0 pycparser-2.23 pygments-2.19.2 requests-2.32.5 rich-14.1.0 typing-extensions-4.15.0 urllib3-2.5.0 watchdog-6.0.0 yarl-1.20.1 zipp-3.23.0
2025-10-03 16:13:23.444Z: #16 21.85 WARNING: Running pip as the 'root' user can result in broken permissions and conflicting behaviour with the system package manager. It is recommended to use a virtual environment instead: https://pip.pypa.io/warnings/venv
2025-10-03 16:13:23.918Z: #16 22.47 Installing jupyter-matlab-proxy
#16 22.47 Python and PIP already installed.
2025-10-03 16:13:26.120Z: #16 24.67 Collecting jupyter-matlab-proxy
2025-10-03 16:13:26.226Z: #16 24.73   Downloading jupyter_matlab_proxy-0.17.1-py3-none-any.whl.metadata (16 kB)
#16 24.78 Requirement already satisfied: aiohttp in /usr/local/lib/python3.12/dist-packages (from jupyter-matlab-proxy) (3.12.15)
2025-10-03 16:13:26.329Z: #16 24.84 Collecting ipykernel>=6.0.3 (from jupyter-matlab-proxy)
#16 24.84   Downloading ipykernel-6.30.1-py3-none-any.whl.metadata (6.2 kB)
#16 24.88 Collecting jupyter-client (from jupyter-matlab-proxy)
2025-10-03 16:13:26.539Z: #16 24.89   Downloading jupyter_client-8.6.3-py3-none-any.whl.metadata (8.3 kB)
#16 24.92 Collecting jupyter-server-proxy>=4.1.0 (from jupyter-matlab-proxy)
#16 24.92   Downloading jupyter_server_proxy-4.4.0-py3-none-any.whl.metadata (8.7 kB)
#16 24.93 Requirement already satisfied: matlab-proxy>=0.26.0 in /usr/local/lib/python3.12/dist-packages (from jupyter-matlab-proxy) (0.27.3)
#16 24.93 Requirement already satisfied: psutil in /usr/local/lib/python3.12/dist-packages (from jupyter-matlab-proxy) (7.1.0)
#16 24.93 Requirement already satisfied: requests in /usr/local/lib/python3.12/dist-packages (from jupyter-matlab-proxy) (2.32.5)
#16 24.97 Collecting comm>=0.1.1 (from ipykernel>=6.0.3->jupyter-matlab-proxy)
#16 24.97   Downloading comm-0.2.3-py3-none-any.whl.metadata (3.7 kB)
#16 25.09 Collecting debugpy>=1.6.5 (from ipykernel>=6.0.3->jupyter-matlab-proxy)
2025-10-03 16:13:26.672Z: #16 25.10   Downloading debugpy-1.8.17-cp312-cp312-manylinux_2_34_x86_64.whl.metadata (1.4 kB)
#16 25.18 Collecting ipython>=7.23.1 (from ipykernel>=6.0.3->jupyter-matlab-proxy)
#16 25.19   Downloading ipython-9.6.0-py3-none-any.whl.metadata (4.4 kB)
#16 25.23 Collecting jupyter-core!=5.0.*,>=4.12 (from ipykernel>=6.0.3->jupyter-matlab-proxy)
2025-10-03 16:13:26.888Z: #16 25.23   Downloading jupyter_core-5.8.1-py3-none-any.whl.metadata (1.6 kB)
#16 25.25 Collecting matplotlib-inline>=0.1 (from ipykernel>=6.0.3->jupyter-matlab-proxy)
#16 25.26   Downloading matplotlib_inline-0.1.7-py3-none-any.whl.metadata (3.9 kB)
#16 25.28 Collecting nest-asyncio>=1.4 (from ipykernel>=6.0.3->jupyter-matlab-proxy)
#16 25.29   Downloading nest_asyncio-1.6.0-py3-none-any.whl.metadata (2.8 kB)
#16 25.29 Requirement already satisfied: packaging>=22 in /usr/lib/python3/dist-packages (from ipykernel>=6.0.3->jupyter-matlab-proxy) (24.0)
2025-10-03 16:13:27.028Z: #16 25.58 Collecting pyzmq>=25 (from ipykernel>=6.0.3->jupyter-matlab-proxy)
2025-10-03 16:13:27.182Z: #16 25.59   Downloading pyzmq-27.1.0-cp312-abi3-manylinux_2_26_x86_64.manylinux_2_28_x86_64.whl.metadata (6.0 kB)
#16 25.64 Collecting tornado>=6.2 (from ipykernel>=6.0.3->jupyter-matlab-proxy)
#16 25.64   Downloading tornado-6.5.2-cp39-abi3-manylinux_2_5_x86_64.manylinux1_x86_64.manylinux_2_17_x86_64.manylinux2014_x86_64.whl.metadata (2.8 kB)
#16 25.67 Collecting traitlets>=5.4.0 (from ipykernel>=6.0.3->jupyter-matlab-proxy)
#16 25.67   Downloading traitlets-5.14.3-py3-none-any.whl.metadata (10 kB)
#16 25.74 Collecting python-dateutil>=2.8.2 (from jupyter-client->jupyter-matlab-proxy)
2025-10-03 16:13:27.284Z: #16 25.74   Downloading python_dateutil-2.9.0.post0-py2.py3-none-any.whl.metadata (8.4 kB)
#16 25.84 Collecting jupyter-server>=1.24.0 (from jupyter-server-proxy>=4.1.0->jupyter-matlab-proxy)
2025-10-03 16:13:27.405Z: #16 25.84   Downloading jupyter_server-2.17.0-py3-none-any.whl.metadata (8.5 kB)
#16 25.87 Collecting simpervisor>=1.0.0 (from jupyter-server-proxy>=4.1.0->jupyter-matlab-proxy)
#16 25.87   Downloading simpervisor-1.0.0-py3-none-any.whl.metadata (4.3 kB)
#16 25.90 Requirement already satisfied: aiohttp-session[secure] in /usr/local/lib/python3.12/dist-packages (from matlab-proxy>=0.26.0->jupyter-matlab-proxy) (2.12.1)
#16 25.90 Requirement already satisfied: importlib-metadata in /usr/local/lib/python3.12/dist-packages (from matlab-proxy>=0.26.0->jupyter-matlab-proxy) (8.7.0)
#16 25.90 Requirement already satisfied: importlib-resources in /usr/local/lib/python3.12/dist-packages (from matlab-proxy>=0.26.0->jupyter-matlab-proxy) (6.5.2)
#16 25.91 Requirement already satisfied: rich in /usr/local/lib/python3.12/dist-packages (from matlab-proxy>=0.26.0->jupyter-matlab-proxy) (14.1.0)
#16 25.91 Requirement already satisfied: watchdog in /usr/local/lib/python3.12/dist-packages (from matlab-proxy>=0.26.0->jupyter-matlab-proxy) (6.0.0)
#16 25.92 Requirement already satisfied: aiohappyeyeballs>=2.5.0 in /usr/local/lib/python3.12/dist-packages (from aiohttp->jupyter-matlab-proxy) (2.6.1)
#16 25.92 Requirement already satisfied: aiosignal>=1.4.0 in /usr/local/lib/python3.12/dist-packages (from aiohttp->jupyter-matlab-proxy) (1.4.0)
#16 25.92 Requirement already satisfied: attrs>=17.3.0 in /usr/local/lib/python3.12/dist-packages (from aiohttp->jupyter-matlab-proxy) (25.3.0)
#16 25.92 Requirement already satisfied: frozenlist>=1.1.1 in /usr/local/lib/python3.12/dist-packages (from aiohttp->jupyter-matlab-proxy) (1.7.0)
2025-10-03 16:13:27.406Z: #16 25.92 Requirement already satisfied: multidict<7.0,>=4.5 in /usr/local/lib/python3.12/dist-packages (from aiohttp->jupyter-matlab-proxy) (6.6.4)
#16 25.92 Requirement already satisfied: propcache>=0.2.0 in /usr/local/lib/python3.12/dist-packages (from aiohttp->jupyter-matlab-proxy) (0.3.2)
#16 25.93 Requirement already satisfied: yarl<2.0,>=1.17.0 in /usr/local/lib/python3.12/dist-packages (from aiohttp->jupyter-matlab-proxy) (1.20.1)
#16 25.96 Requirement already satisfied: charset_normalizer<4,>=2 in /usr/local/lib/python3.12/dist-packages (from requests->jupyter-matlab-proxy) (3.4.3)
2025-10-03 16:13:27.506Z: #16 25.96 Requirement already satisfied: idna<4,>=2.5 in /usr/local/lib/python3.12/dist-packages (from requests->jupyter-matlab-proxy) (3.10)2025-10-03 16:13:27.507Z: 
#16 25.96 Requirement already satisfied: urllib3<3,>=1.21.1 in /usr/local/lib/python3.12/dist-packages (from requests->jupyter-matlab-proxy) (2.5.0)
#16 25.96 Requirement already satisfied: certifi>=2017.4.17 in /usr/local/lib/python3.12/dist-packages (from requests->jupyter-matlab-proxy) (2025.8.3)
#16 25.97 Requirement already satisfied: typing-extensions>=4.2 in /usr/local/lib/python3.12/dist-packages (from aiosignal>=1.4.0->aiohttp->jupyter-matlab-proxy) (4.15.0)
#16 26.06 Collecting decorator (from ipython>=7.23.1->ipykernel>=6.0.3->jupyter-matlab-proxy)
2025-10-03 16:13:27.640Z: #16 26.07   Downloading decorator-5.2.1-py3-none-any.whl.metadata (3.9 kB)
#16 26.09 Collecting ipython-pygments-lexers (from ipython>=7.23.1->ipykernel>=6.0.3->jupyter-matlab-proxy)
#16 26.09   Downloading ipython_pygments_lexers-1.1.1-py3-none-any.whl.metadata (1.1 kB)
2025-10-03 16:13:27.640Z: #16 26.13 Collecting jedi>=0.16 (from ipython>=7.23.1->ipykernel>=6.0.3->jupyter-matlab-proxy)
#16 26.13   Downloading jedi-0.19.2-py2.py3-none-any.whl.metadata (22 kB)
#16 26.19 Collecting pexpect>4.3 (from ipython>=7.23.1->ipykernel>=6.0.3->jupyter-matlab-proxy)
2025-10-03 16:13:27.747Z: #16 26.20   Downloading pexpect-4.9.0-py2.py3-none-any.whl.metadata (2.5 kB)
#16 26.25 Collecting prompt_toolkit<3.1.0,>=3.0.41 (from ipython>=7.23.1->ipykernel>=6.0.3->jupyter-matlab-proxy)
#16 26.25   Downloading prompt_toolkit-3.0.52-py3-none-any.whl.metadata (6.4 kB)
#16 26.26 Requirement already satisfied: pygments>=2.4.0 in /usr/local/lib/python3.12/dist-packages (from ipython>=7.23.1->ipykernel>=6.0.3->jupyter-matlab-proxy) (2.19.2)
#16 26.28 Collecting stack_data (from ipython>=7.23.1->ipykernel>=6.0.3->jupyter-matlab-proxy)
#16 26.28   Downloading stack_data-0.6.3-py3-none-any.whl.metadata (18 kB)
#16 26.30 Requirement already satisfied: platformdirs>=2.5 in /usr/lib/python3/dist-packages (from jupyter-core!=5.0.*,>=4.12->ipykernel>=6.0.3->jupyter-matlab-proxy) (4.2.0)
2025-10-03 16:13:27.854Z: #16 26.37 Collecting anyio>=3.1.0 (from jupyter-server>=1.24.0->jupyter-server-proxy>=4.1.0->jupyter-matlab-proxy)
#16 26.37   Downloading anyio-4.11.0-py3-none-any.whl.metadata (4.1 kB)
#16 26.41 Collecting argon2-cffi>=21.1 (from jupyter-server>=1.24.0->jupyter-server-proxy>=4.1.0->jupyter-matlab-proxy)
2025-10-03 16:13:27.986Z: #16 26.41   Downloading argon2_cffi-25.1.0-py3-none-any.whl.metadata (4.1 kB)
2025-10-03 16:13:27.986Z: #16 26.44 Collecting jinja2>=3.0.3 (from jupyter-server>=1.24.0->jupyter-server-proxy>=4.1.0->jupyter-matlab-proxy)
#16 26.45   Downloading jinja2-3.1.6-py3-none-any.whl.metadata (2.9 kB)
#16 26.49 Collecting jupyter-events>=0.11.0 (from jupyter-server>=1.24.0->jupyter-server-proxy>=4.1.0->jupyter-matlab-proxy)
#16 26.49   Downloading jupyter_events-0.12.0-py3-none-any.whl.metadata (5.8 kB)
#16 26.54 Collecting jupyter-server-terminals>=0.4.4 (from jupyter-server>=1.24.0->jupyter-server-proxy>=4.1.0->jupyter-matlab-proxy)
2025-10-03 16:13:28.085Z: #16 26.54   Downloading jupyter_server_terminals-0.5.3-py3-none-any.whl.metadata (5.6 kB)
#16 26.60 Collecting nbconvert>=6.4.4 (from jupyter-server>=1.24.0->jupyter-server-proxy>=4.1.0->jupyter-matlab-proxy)
#16 26.61   Downloading nbconvert-7.16.6-py3-none-any.whl.metadata (8.5 kB)
#16 26.64 Collecting nbformat>=5.3.0 (from jupyter-server>=1.24.0->jupyter-server-proxy>=4.1.0->jupyter-matlab-proxy)
2025-10-03 16:13:28.197Z: #16 26.64   Downloading nbformat-5.10.4-py3-none-any.whl.metadata (3.6 kB)
#16 26.68 Collecting prometheus-client>=0.9 (from jupyter-server>=1.24.0->jupyter-server-proxy>=4.1.0->jupyter-matlab-proxy)
#16 26.68   Downloading prometheus_client-0.23.1-py3-none-any.whl.metadata (1.9 kB)
#16 26.72 Collecting send2trash>=1.8.2 (from jupyter-server>=1.24.0->jupyter-server-proxy>=4.1.0->jupyter-matlab-proxy)
#16 26.72   Downloading Send2Trash-1.8.3-py3-none-any.whl.metadata (4.0 kB)
#16 26.75 Collecting terminado>=0.8.3 (from jupyter-server>=1.24.0->jupyter-server-proxy>=4.1.0->jupyter-matlab-proxy)
2025-10-03 16:13:28.353Z: #16 26.76   Downloading terminado-0.18.1-py3-none-any.whl.metadata (5.8 kB)
#16 26.80 Collecting websocket-client>=1.7 (from jupyter-server>=1.24.0->jupyter-server-proxy>=4.1.0->jupyter-matlab-proxy)
#16 26.80   Downloading websocket_client-1.8.0-py3-none-any.whl.metadata (8.0 kB)
#16 26.91 Collecting six>=1.5 (from python-dateutil>=2.8.2->jupyter-client->jupyter-matlab-proxy)
2025-10-03 16:13:28.456Z: #16 26.91   Downloading six-1.17.0-py2.py3-none-any.whl.metadata (1.7 kB)
#16 26.97 Requirement already satisfied: cryptography in /usr/local/lib/python3.12/dist-packages (from aiohttp-session[secure]->matlab-proxy>=0.26.0->jupyter-matlab-proxy) (46.0.2)
#16 26.99 Requirement already satisfied: zipp>=3.20 in /usr/local/lib/python3.12/dist-packages (from importlib-metadata->matlab-proxy>=0.26.0->jupyter-matlab-proxy) (3.23.0)
#16 27.01 Requirement already satisfied: markdown-it-py>=2.2.0 in /usr/local/lib/python3.12/dist-packages (from rich->matlab-proxy>=0.26.0->jupyter-matlab-proxy) (4.0.0)
2025-10-03 16:13:28.597Z: #16 27.05 Collecting sniffio>=1.1 (from anyio>=3.1.0->jupyter-server>=1.24.0->jupyter-server-proxy>=4.1.0->jupyter-matlab-proxy)
#16 27.06   Downloading sniffio-1.3.1-py3-none-any.whl.metadata (3.9 kB)
#16 27.09 Collecting argon2-cffi-bindings (from argon2-cffi>=21.1->jupyter-server>=1.24.0->jupyter-server-proxy>=4.1.0->jupyter-matlab-proxy)
2025-10-03 16:13:28.599Z: #16 27.09   Downloading argon2_cffi_bindings-25.1.0-cp39-abi3-manylinux_2_26_x86_64.manylinux_2_28_x86_64.whl.metadata (7.4 kB)
#16 27.15 Collecting parso<0.9.0,>=0.8.4 (from jedi>=0.16->ipython>=7.23.1->ipykernel>=6.0.3->jupyter-matlab-proxy)
2025-10-03 16:13:28.751Z: #16 27.16   Downloading parso-0.8.5-py2.py3-none-any.whl.metadata (8.3 kB)
2025-10-03 16:13:28.771Z: #16 27.33 Collecting MarkupSafe>=2.0 (from jinja2>=3.0.3->jupyter-server>=1.24.0->jupyter-server-proxy>=4.1.0->jupyter-matlab-proxy)
2025-10-03 16:13:28.878Z: #16 27.33   Downloading markupsafe-3.0.3-cp312-cp312-manylinux2014_x86_64.manylinux_2_17_x86_64.manylinux_2_28_x86_64.whl.metadata (2.7 kB)
#16 27.40 Collecting jsonschema>=4.18.0 (from jsonschema[format-nongpl]>=4.18.0->jupyter-events>=0.11.0->jupyter-server>=1.24.0->jupyter-server-proxy>=4.1.0->jupyter-matlab-proxy)
#16 27.41   Downloading jsonschema-4.25.1-py3-none-any.whl.metadata (7.6 kB)
#16 27.43 Collecting python-json-logger>=2.0.4 (from jupyter-events>=0.11.0->jupyter-server>=1.24.0->jupyter-server-proxy>=4.1.0->jupyter-matlab-proxy)
2025-10-03 16:13:28.989Z: #16 27.44   Downloading python_json_logger-3.3.0-py3-none-any.whl.metadata (4.0 kB)
#16 27.49 Collecting pyyaml>=5.3 (from jupyter-events>=0.11.0->jupyter-server>=1.24.0->jupyter-server-proxy>=4.1.0->jupyter-matlab-proxy)
#16 27.50   Downloading pyyaml-6.0.3-cp312-cp312-manylinux2014_x86_64.manylinux_2_17_x86_64.manylinux_2_28_x86_64.whl.metadata (2.4 kB)
#16 27.54 Collecting referencing (from jupyter-events>=0.11.0->jupyter-server>=1.24.0->jupyter-server-proxy>=4.1.0->jupyter-matlab-proxy)
2025-10-03 16:13:29.106Z: #16 27.55   Downloading referencing-0.36.2-py3-none-any.whl.metadata (2.8 kB)
#16 27.66 Collecting rfc3339-validator (from jupyter-events>=0.11.0->jupyter-server>=1.24.0->jupyter-server-proxy>=4.1.0->jupyter-matlab-proxy)
2025-10-03 16:13:29.221Z: #16 27.67   Downloading rfc3339_validator-0.1.4-py2.py3-none-any.whl.metadata (1.5 kB)
#16 27.69 Collecting rfc3986-validator>=0.1.1 (from jupyter-events>=0.11.0->jupyter-server>=1.24.0->jupyter-server-proxy>=4.1.0->jupyter-matlab-proxy)
#16 27.69   Downloading rfc3986_validator-0.1.1-py2.py3-none-any.whl.metadata (1.7 kB)
#16 27.73 Requirement already satisfied: mdurl~=0.1 in /usr/local/lib/python3.12/dist-packages (from markdown-it-py>=2.2.0->rich->matlab-proxy>=0.26.0->jupyter-matlab-proxy) (0.1.2)
#16 27.78 Collecting beautifulsoup4 (from nbconvert>=6.4.4->jupyter-server>=1.24.0->jupyter-server-proxy>=4.1.0->jupyter-matlab-proxy)
2025-10-03 16:13:29.347Z: #16 27.78   Downloading beautifulsoup4-4.14.2-py3-none-any.whl.metadata (3.8 kB)
#16 27.81 Collecting bleach!=5.0.0 (from bleach[css]!=5.0.0->nbconvert>=6.4.4->jupyter-server>=1.24.0->jupyter-server-proxy>=4.1.0->jupyter-matlab-proxy)
#16 27.81   Downloading bleach-6.2.0-py3-none-any.whl.metadata (30 kB)
#16 27.84 Collecting defusedxml (from nbconvert>=6.4.4->jupyter-server>=1.24.0->jupyter-server-proxy>=4.1.0->jupyter-matlab-proxy)
#16 27.84   Downloading defusedxml-0.7.1-py2.py3-none-any.whl.metadata (32 kB)
#16 27.87 Collecting jupyterlab-pygments (from nbconvert>=6.4.4->jupyter-server>=1.24.0->jupyter-server-proxy>=4.1.0->jupyter-matlab-proxy)
#16 27.87   Downloading jupyterlab_pygments-0.3.0-py3-none-any.whl.metadata (4.4 kB)
#16 27.90 Collecting mistune<4,>=2.0.3 (from nbconvert>=6.4.4->jupyter-server>=1.24.0->jupyter-server-proxy>=4.1.0->jupyter-matlab-proxy)
2025-10-03 16:13:29.489Z: #16 27.91   Downloading mistune-3.1.4-py3-none-any.whl.metadata (1.8 kB)
#16 27.94 Collecting nbclient>=0.5.0 (from nbconvert>=6.4.4->jupyter-server>=1.24.0->jupyter-server-proxy>=4.1.0->jupyter-matlab-proxy)
#16 27.94   Downloading nbclient-0.10.2-py3-none-any.whl.metadata (8.3 kB)
#16 27.99 Collecting pandocfilters>=1.4.1 (from nbconvert>=6.4.4->jupyter-server>=1.24.0->jupyter-server-proxy>=4.1.0->jupyter-matlab-proxy)
#16 28.00   Downloading pandocfilters-1.5.1-py2.py3-none-any.whl.metadata (9.0 kB)
#16 28.04 Collecting fastjsonschema>=2.15 (from nbformat>=5.3.0->jupyter-server>=1.24.0->jupyter-server-proxy>=4.1.0->jupyter-matlab-proxy)
2025-10-03 16:13:29.679Z: #16 28.05   Downloading fastjsonschema-2.21.2-py3-none-any.whl.metadata (2.3 kB)
#16 28.08 Collecting ptyprocess>=0.5 (from pexpect>4.3->ipython>=7.23.1->ipykernel>=6.0.3->jupyter-matlab-proxy)2025-10-03 16:13:29.679Z: 
#16 28.08   Downloading ptyprocess-0.7.0-py2.py3-none-any.whl.metadata (1.3 kB)
#16 28.13 Collecting wcwidth (from prompt_toolkit<3.1.0,>=3.0.41->ipython>=7.23.1->ipykernel>=6.0.3->jupyter-matlab-proxy)
#16 28.13   Downloading wcwidth-0.2.14-py2.py3-none-any.whl.metadata (15 kB)
#16 28.23 Requirement already satisfied: cffi>=2.0.0 in /usr/local/lib/python3.12/dist-packages (from cryptography->aiohttp-session[secure]->matlab-proxy>=0.26.0->jupyter-matlab-proxy) (2.0.0)
2025-10-03 16:13:29.794Z: #16 28.28 Collecting executing>=1.2.0 (from stack_data->ipython>=7.23.1->ipykernel>=6.0.3->jupyter-matlab-proxy)
#16 28.28   Downloading executing-2.2.1-py2.py3-none-any.whl.metadata (8.9 kB)
#16 28.31 Collecting asttokens>=2.1.0 (from stack_data->ipython>=7.23.1->ipykernel>=6.0.3->jupyter-matlab-proxy)
#16 28.31   Downloading asttokens-3.0.0-py3-none-any.whl.metadata (4.7 kB)
#16 28.35 Collecting pure-eval (from stack_data->ipython>=7.23.1->ipykernel>=6.0.3->jupyter-matlab-proxy)
2025-10-03 16:13:29.903Z: #16 28.35   Downloading pure_eval-0.2.3-py3-none-any.whl.metadata (6.3 kB)2025-10-03 16:13:29.903Z: 
#16 28.40 Collecting webencodings (from bleach!=5.0.0->bleach[css]!=5.0.0->nbconvert>=6.4.4->jupyter-server>=1.24.0->jupyter-server-proxy>=4.1.0->jupyter-matlab-proxy)
#16 28.41   Downloading webencodings-0.5.1-py2.py3-none-any.whl.metadata (2.1 kB)
#16 28.44 Collecting tinycss2<1.5,>=1.1.0 (from bleach[css]!=5.0.0->nbconvert>=6.4.4->jupyter-server>=1.24.0->jupyter-server-proxy>=4.1.0->jupyter-matlab-proxy)
#16 28.44   Downloading tinycss2-1.4.0-py3-none-any.whl.metadata (3.0 kB)
#16 28.46 Requirement already satisfied: pycparser in /usr/local/lib/python3.12/dist-packages (from cffi>=2.0.0->cryptography->aiohttp-session[secure]->matlab-proxy>=0.26.0->jupyter-matlab-proxy) (2.23)
2025-10-03 16:13:30.122Z: #16 28.52 Collecting jsonschema-specifications>=2023.03.6 (from jsonschema>=4.18.0->jsonschema[format-nongpl]>=4.18.0->jupyter-events>=0.11.0->jupyter-server>=1.24.0->jupyter-server-proxy>=4.1.0->jupyter-matlab-proxy)
#16 28.52   Downloading jsonschema_specifications-2025.9.1-py3-none-any.whl.metadata (2.9 kB)
2025-10-03 16:13:30.330Z: #16 28.89 Collecting rpds-py>=0.7.1 (from jsonschema>=4.18.0->jsonschema[format-nongpl]>=4.18.0->jupyter-events>=0.11.0->jupyter-server>=1.24.0->jupyter-server-proxy>=4.1.0->jupyter-matlab-proxy)
2025-10-03 16:13:30.436Z: #16 28.89   Downloading rpds_py-0.27.1-cp312-cp312-manylinux_2_17_x86_64.manylinux2014_x86_64.whl.metadata (4.2 kB)
#16 28.94 Collecting fqdn (from jsonschema[format-nongpl]>=4.18.0->jupyter-events>=0.11.0->jupyter-server>=1.24.0->jupyter-server-proxy>=4.1.0->jupyter-matlab-proxy)
#16 28.94   Downloading fqdn-1.5.1-py3-none-any.whl.metadata (1.4 kB)
#16 28.96 Collecting isoduration (from jsonschema[format-nongpl]>=4.18.0->jupyter-events>=0.11.0->jupyter-server>=1.24.0->jupyter-server-proxy>=4.1.0->jupyter-matlab-proxy)
#16 28.97   Downloading isoduration-20.11.0-py3-none-any.whl.metadata (5.7 kB)
#16 28.99 Collecting jsonpointer>1.13 (from jsonschema[format-nongpl]>=4.18.0->jupyter-events>=0.11.0->jupyter-server>=1.24.0->jupyter-server-proxy>=4.1.0->jupyter-matlab-proxy)
2025-10-03 16:13:30.542Z: #16 29.00   Downloading jsonpointer-3.0.0-py2.py3-none-any.whl.metadata (2.3 kB)
#16 29.02 Collecting rfc3987-syntax>=1.1.0 (from jsonschema[format-nongpl]>=4.18.0->jupyter-events>=0.11.0->jupyter-server>=1.24.0->jupyter-server-proxy>=4.1.0->jupyter-matlab-proxy)
#16 29.02   Downloading rfc3987_syntax-1.1.0-py3-none-any.whl.metadata (7.7 kB)
#16 29.10 Collecting uri-template (from jsonschema[format-nongpl]>=4.18.0->jupyter-events>=0.11.0->jupyter-server>=1.24.0->jupyter-server-proxy>=4.1.0->jupyter-matlab-proxy)
2025-10-03 16:13:30.728Z: #16 29.10   Downloading uri_template-1.3.0-py3-none-any.whl.metadata (8.8 kB)
#16 29.13 Collecting webcolors>=24.6.0 (from jsonschema[format-nongpl]>=4.18.0->jupyter-events>=0.11.0->jupyter-server>=1.24.0->jupyter-server-proxy>=4.1.0->jupyter-matlab-proxy)
#16 29.13   Downloading webcolors-24.11.1-py3-none-any.whl.metadata (2.2 kB)
2025-10-03 16:13:30.772Z: #16 29.33 Collecting soupsieve>1.2 (from beautifulsoup4->nbconvert>=6.4.4->jupyter-server>=1.24.0->jupyter-server-proxy>=4.1.0->jupyter-matlab-proxy)
2025-10-03 16:13:30.911Z: #16 29.33   Downloading soupsieve-2.8-py3-none-any.whl.metadata (4.6 kB)
2025-10-03 16:13:30.911Z: #16 29.47 Collecting lark>=1.2.2 (from rfc3987-syntax>=1.1.0->jsonschema[format-nongpl]>=4.18.0->jupyter-events>=0.11.0->jupyter-server>=1.24.0->jupyter-server-proxy>=4.1.0->jupyter-matlab-proxy)
2025-10-03 16:13:31.060Z: #16 29.47   Downloading lark-1.3.0-py3-none-any.whl.metadata (1.8 kB)
#16 29.62 Collecting arrow>=0.15.0 (from isoduration->jsonschema[format-nongpl]>=4.18.0->jupyter-events>=0.11.0->jupyter-server>=1.24.0->jupyter-server-proxy>=4.1.0->jupyter-matlab-proxy)
2025-10-03 16:13:31.228Z: #16 29.62   Downloading arrow-1.3.0-py3-none-any.whl.metadata (7.5 kB)
#16 29.71 Collecting types-python-dateutil>=2.8.10 (from arrow>=0.15.0->isoduration->jsonschema[format-nongpl]>=4.18.0->jupyter-events>=0.11.0->jupyter-server>=1.24.0->jupyter-server-proxy>=4.1.0->jupyter-matlab-proxy)
#16 29.71   Downloading types_python_dateutil-2.9.0.20250822-py3-none-any.whl.metadata (1.8 kB)
#16 29.78 Downloading jupyter_matlab_proxy-0.17.1-py3-none-any.whl (126 kB)
2025-10-03 16:13:31.387Z: #16 29.80    ━━━━━━━━━━━━━━━━━━━━━━━━━━━━━━━━━━━━━━━━ 126.6/126.6 kB 12.0 MB/s eta 0:00:00
#16 29.80 Downloading ipykernel-6.30.1-py3-none-any.whl (117 kB)
#16 29.81    ━━━━━━━━━━━━━━━━━━━━━━━━━━━━━━━━━━━━━━━━ 117.5/117.5 kB 16.5 MB/s eta 0:00:00
#16 29.81 Downloading jupyter_client-8.6.3-py3-none-any.whl (106 kB)
#16 29.82    ━━━━━━━━━━━━━━━━━━━━━━━━━━━━━━━━━━━━━━━━ 106.1/106.1 kB 15.1 MB/s eta 0:00:00
#16 29.83 Downloading jupyter_server_proxy-4.4.0-py3-none-any.whl (37 kB)
#16 29.84 Downloading comm-0.2.3-py3-none-any.whl (7.3 kB)
#16 29.84 Downloading debugpy-1.8.17-cp312-cp312-manylinux_2_34_x86_64.whl (4.3 MB)
#16 29.94    ━━━━━━━━━━━━━━━━━━━━━━━━━━━━━━━━━━━━━━━━ 4.3/4.3 MB 45.7 MB/s eta 0:00:00
2025-10-03 16:13:31.501Z: #16 29.95 Downloading ipython-9.6.0-py3-none-any.whl (616 kB)2025-10-03 16:13:31.502Z: 
#16 29.97    ━━━━━━━━━━━━━━━━━━━━━━━━━━━━━━━━━━━━━━━━ 616.2/616.2 kB 26.1 MB/s eta 0:00:00
#16 29.98 Downloading jupyter_core-5.8.1-py3-none-any.whl (28 kB)
#16 29.98 Downloading jupyter_server-2.17.0-py3-none-any.whl (388 kB)
#16 30.00    ━━━━━━━━━━━━━━━━━━━━━━━━━━━━━━━━━━━━━━━━ 388.2/388.2 kB 31.9 MB/s eta 0:00:00
#16 30.00 Downloading matplotlib_inline-0.1.7-py3-none-any.whl (9.9 kB)
#16 30.01 Downloading nest_asyncio-1.6.0-py3-none-any.whl (5.2 kB)
#16 30.02 Downloading python_dateutil-2.9.0.post0-py2.py3-none-any.whl (229 kB)
#16 30.03    ━━━━━━━━━━━━━━━━━━━━━━━━━━━━━━━━━━━━━━━━ 229.9/229.9 kB 24.3 MB/s eta 0:00:00
#16 30.03 Downloading pyzmq-27.1.0-cp312-abi3-manylinux_2_26_x86_64.manylinux_2_28_x86_64.whl (840 kB)
#16 30.06    ━━━━━━━━━━━━━━━━━━━━━━━━━━━━━━━━━━━━━━━━ 841.0/841.0 kB 41.7 MB/s eta 0:00:002025-10-03 16:13:31.746Z: 
#16 30.06 Downloading simpervisor-1.0.0-py3-none-any.whl (8.3 kB)
#16 30.09 Downloading tornado-6.5.2-cp39-abi3-manylinux_2_5_x86_64.manylinux1_x86_64.manylinux_2_17_x86_64.manylinux2014_x86_64.whl (443 kB)
#16 30.10    ━━━━━━━━━━━━━━━━━━━━━━━━━━━━━━━━━━━━━━━━ 443.9/443.9 kB 35.8 MB/s eta 0:00:00
#16 30.11 Downloading traitlets-5.14.3-py3-none-any.whl (85 kB)
#16 30.12    ━━━━━━━━━━━━━━━━━━━━━━━━━━━━━━━━━━━━━━━━ 85.4/85.4 kB 11.5 MB/s eta 0:00:00
#16 30.12 Downloading anyio-4.11.0-py3-none-any.whl (109 kB)
#16 30.13    ━━━━━━━━━━━━━━━━━━━━━━━━━━━━━━━━━━━━━━━━ 109.1/109.1 kB 14.0 MB/s eta 0:00:00
#16 30.14 Downloading argon2_cffi-25.1.0-py3-none-any.whl (14 kB)
#16 30.15 Downloading jedi-0.19.2-py2.py3-none-any.whl (1.6 MB)
2025-10-03 16:13:31.799Z: #16 30.35    ━━━━━━━━━━━━━━━━━━━━━━━━━━━━━━━━━━━━━━━━ 1.6/1.6 MB 7.8 MB/s eta 0:00:002025-10-03 16:13:31.906Z: 
#16 30.36 Downloading jinja2-3.1.6-py3-none-any.whl (134 kB)
#16 30.37    ━━━━━━━━━━━━━━━━━━━━━━━━━━━━━━━━━━━━━━━━ 134.9/134.9 kB 15.0 MB/s eta 0:00:00
#16 30.37 Downloading jupyter_events-0.12.0-py3-none-any.whl (19 kB)
#16 30.38 Downloading jupyter_server_terminals-0.5.3-py3-none-any.whl (13 kB)
#16 30.39 Downloading nbconvert-7.16.6-py3-none-any.whl (258 kB)
#16 30.40    ━━━━━━━━━━━━━━━━━━━━━━━━━━━━━━━━━━━━━━━━ 258.5/258.5 kB 31.9 MB/s eta 0:00:00
#16 30.40 Downloading nbformat-5.10.4-py3-none-any.whl (78 kB)
#16 30.42    ━━━━━━━━━━━━━━━━━━━━━━━━━━━━━━━━━━━━━━━━ 78.5/78.5 kB 2.9 MB/s eta 0:00:00
#16 30.43 Downloading pexpect-4.9.0-py2.py3-none-any.whl (63 kB)
#16 30.43    ━━━━━━━━━━━━━━━━━━━━━━━━━━━━━━━━━━━━━━━━ 63.8/63.8 kB 10.0 MB/s eta 0:00:00
#16 30.44 Downloading prometheus_client-0.23.1-py3-none-any.whl (61 kB)
#16 30.44    ━━━━━━━━━━━━━━━━━━━━━━━━━━━━━━━━━━━━━━━━ 61.1/61.1 kB 10.1 MB/s eta 0:00:00
#16 30.45 Downloading prompt_toolkit-3.0.52-py3-none-any.whl (391 kB)
#16 30.46    ━━━━━━━━━━━━━━━━━━━━━━━━━━━━━━━━━━━━━━━━ 391.4/391.4 kB 35.1 MB/s eta 0:00:002025-10-03 16:13:32.009Z: 
#16 30.46 Downloading Send2Trash-1.8.3-py3-none-any.whl (18 kB)
#16 30.47 Downloading six-1.17.0-py2.py3-none-any.whl (11 kB)
#16 30.48 Downloading terminado-0.18.1-py3-none-any.whl (14 kB)
#16 30.49 Downloading websocket_client-1.8.0-py3-none-any.whl (58 kB)
#16 30.49    ━━━━━━━━━━━━━━━━━━━━━━━━━━━━━━━━━━━━━━━━ 58.8/58.8 kB 9.9 MB/s eta 0:00:00
#16 30.50 Downloading decorator-5.2.1-py3-none-any.whl (9.2 kB)
#16 30.51 Downloading ipython_pygments_lexers-1.1.1-py3-none-any.whl (8.1 kB)
#16 30.51 Downloading stack_data-0.6.3-py3-none-any.whl (24 kB)
#16 30.52 Downloading asttokens-3.0.0-py3-none-any.whl (26 kB)
#16 30.53 Downloading bleach-6.2.0-py3-none-any.whl (163 kB)
#16 30.54    ━━━━━━━━━━━━━━━━━━━━━━━━━━━━━━━━━━━━━━━━ 163.4/163.4 kB 22.2 MB/s eta 0:00:00
#16 30.54 Downloading executing-2.2.1-py2.py3-none-any.whl (28 kB)
#16 30.55 Downloading fastjsonschema-2.21.2-py3-none-any.whl (24 kB)
#16 30.56 Downloading jsonschema-4.25.1-py3-none-any.whl (90 kB)
#16 30.56    ━━━━━━━━━━━━━━━━━━━━━━━━━━━━━━━━━━━━━━━━ 90.0/90.0 kB 14.1 MB/s eta 0:00:002025-10-03 16:13:32.114Z: 
#16 30.57 Downloading markupsafe-3.0.3-cp312-cp312-manylinux2014_x86_64.manylinux_2_17_x86_64.manylinux_2_28_x86_64.whl (22 kB)
#16 30.58 Downloading mistune-3.1.4-py3-none-any.whl (53 kB)
#16 30.58    ━━━━━━━━━━━━━━━━━━━━━━━━━━━━━━━━━━━━━━━━ 53.5/53.5 kB 9.5 MB/s eta 0:00:00
#16 30.59 Downloading nbclient-0.10.2-py3-none-any.whl (25 kB)
#16 30.59 Downloading pandocfilters-1.5.1-py2.py3-none-any.whl (8.7 kB)
#16 30.60 Downloading parso-0.8.5-py2.py3-none-any.whl (106 kB)
#16 30.61    ━━━━━━━━━━━━━━━━━━━━━━━━━━━━━━━━━━━━━━━━ 106.7/106.7 kB 13.7 MB/s eta 0:00:002025-10-03 16:13:32.114Z: 
#16 30.61 Downloading ptyprocess-0.7.0-py2.py3-none-any.whl (13 kB)
#16 30.62 Downloading python_json_logger-3.3.0-py3-none-any.whl (15 kB)
#16 30.63 Downloading pyyaml-6.0.3-cp312-cp312-manylinux2014_x86_64.manylinux_2_17_x86_64.manylinux_2_28_x86_64.whl (807 kB)
#16 30.65    ━━━━━━━━━━━━━━━━━━━━━━━━━━━━━━━━━━━━━━━━ 807.9/807.9 kB 47.0 MB/s eta 0:00:00
#16 30.65 Downloading referencing-0.36.2-py3-none-any.whl (26 kB)
#16 30.66 Downloading rfc3986_validator-0.1.1-py2.py3-none-any.whl (4.2 kB)
#16 30.67 Downloading sniffio-1.3.1-py3-none-any.whl (10 kB)
2025-10-03 16:13:32.214Z: #16 30.68 Downloading argon2_cffi_bindings-25.1.0-cp39-abi3-manylinux_2_26_x86_64.manylinux_2_28_x86_64.whl (87 kB)
#16 30.69    ━━━━━━━━━━━━━━━━━━━━━━━━━━━━━━━━━━━━━━━━ 87.1/87.1 kB 13.8 MB/s eta 0:00:00
#16 30.69 Downloading beautifulsoup4-4.14.2-py3-none-any.whl (106 kB)
#16 30.70    ━━━━━━━━━━━━━━━━━━━━━━━━━━━━━━━━━━━━━━━━ 106.4/106.4 kB 17.8 MB/s eta 0:00:00
#16 30.70 Downloading defusedxml-0.7.1-py2.py3-none-any.whl (25 kB)
2025-10-03 16:13:32.214Z: #16 30.71 Downloading jupyterlab_pygments-0.3.0-py3-none-any.whl (15 kB)
#16 30.72 Downloading pure_eval-0.2.3-py3-none-any.whl (11 kB)
#16 30.72 Downloading rfc3339_validator-0.1.4-py2.py3-none-any.whl (3.5 kB)
#16 30.73 Downloading wcwidth-0.2.14-py2.py3-none-any.whl (37 kB)
#16 30.76 Downloading jsonpointer-3.0.0-py2.py3-none-any.whl (7.6 kB)
#16 30.77 Downloading jsonschema_specifications-2025.9.1-py3-none-any.whl (18 kB)
2025-10-03 16:13:32.316Z: #16 30.78 Downloading rfc3987_syntax-1.1.0-py3-none-any.whl (8.0 kB)
#16 30.78 Downloading rpds_py-0.27.1-cp312-cp312-manylinux_2_17_x86_64.manylinux2014_x86_64.whl (386 kB)
#16 30.80    ━━━━━━━━━━━━━━━━━━━━━━━━━━━━━━━━━━━━━━━━ 386.9/386.9 kB 39.4 MB/s eta 0:00:00
#16 30.80 Downloading soupsieve-2.8-py3-none-any.whl (36 kB)
#16 30.81 Downloading tinycss2-1.4.0-py3-none-any.whl (26 kB)
#16 30.81 Downloading webcolors-24.11.1-py3-none-any.whl (14 kB)
#16 30.82 Downloading webencodings-0.5.1-py2.py3-none-any.whl (11 kB)
#16 30.83 Downloading fqdn-1.5.1-py3-none-any.whl (9.1 kB)
#16 30.84 Downloading isoduration-20.11.0-py3-none-any.whl (11 kB)
#16 30.85 Downloading uri_template-1.3.0-py3-none-any.whl (11 kB)
#16 30.85 Downloading arrow-1.3.0-py3-none-any.whl (66 kB)
#16 30.86    ━━━━━━━━━━━━━━━━━━━━━━━━━━━━━━━━━━━━━━━━ 66.4/66.4 kB 9.9 MB/s eta 0:00:00
#16 30.86 Downloading lark-1.3.0-py3-none-any.whl (113 kB)
2025-10-03 16:13:32.317Z: #16 30.87    ━━━━━━━━━━━━━━━━━━━━━━━━━━━━━━━━━━━━━━━━ 113.0/113.0 kB 19.3 MB/s eta 0:00:002025-10-03 16:13:32.470Z: 
#16 30.87 Downloading types_python_dateutil-2.9.0.20250822-py3-none-any.whl (17 kB)
2025-10-03 16:13:32.955Z: #16 31.51 Installing collected packages: webencodings, pure-eval, ptyprocess, fastjsonschema, websocket-client, webcolors, wcwidth, uri-template, types-python-dateutil, traitlets, tornado, tinycss2, soupsieve, sniffio, six, simpervisor, send2trash, rpds-py, rfc3986-validator, pyzmq, pyyaml, python-json-logger, prometheus-client, pexpect, parso, pandocfilters, nest-asyncio, mistune, MarkupSafe, lark, jupyterlab-pygments, jsonpointer, ipython-pygments-lexers, fqdn, executing, defusedxml, decorator, debugpy, comm, bleach, asttokens, terminado, stack_data, rfc3987-syntax, rfc3339-validator, referencing, python-dateutil, prompt_toolkit, matplotlib-inline, jupyter-core, jinja2, jedi, beautifulsoup4, argon2-cffi-bindings, anyio, jupyter-server-terminals, jupyter-client, jsonschema-specifications, ipython, arrow, argon2-cffi, jsonschema, isoduration, ipykernel, nbformat, nbclient, jupyter-events, nbconvert, jupyter-server, jupyter-server-proxy, jupyter-matlab-proxy
2025-10-03 16:13:38.925Z: #16 37.48 Successfully installed MarkupSafe-3.0.3 anyio-4.11.0 argon2-cffi-25.1.0 argon2-cffi-bindings-25.1.0 arrow-1.3.0 asttokens-3.0.0 beautifulsoup4-4.14.2 bleach-6.2.0 comm-0.2.3 debugpy-1.8.17 decorator-5.2.1 defusedxml-0.7.1 executing-2.2.1 fastjsonschema-2.21.2 fqdn-1.5.1 ipykernel-6.30.1 ipython-9.6.0 ipython-pygments-lexers-1.1.1 isoduration-20.11.0 jedi-0.19.2 jinja2-3.1.6 jsonpointer-3.0.0 jsonschema-4.25.1 jsonschema-specifications-2025.9.1 jupyter-client-8.6.3 jupyter-core-5.8.1 jupyter-events-0.12.0 jupyter-matlab-proxy-0.17.1 jupyter-server-2.17.0 jupyter-server-proxy-4.4.0 jupyter-server-terminals-0.5.3 jupyterlab-pygments-0.3.0 lark-1.3.0 matplotlib-inline-0.1.7 mistune-3.1.4 nbclient-0.10.2 nbconvert-7.16.6 nbformat-5.10.4 nest-asyncio-1.6.0 pandocfilters-1.5.1 parso-0.8.5 pexpect-4.9.0 prometheus-client-0.23.1 prompt_toolkit-3.0.52 ptyprocess-0.7.0 pure-eval-0.2.3 python-dateutil-2.9.0.post0 python-json-logger-3.3.0 pyyaml-6.0.3 pyzmq-27.1.0 referencing-0.36.2 rfc3339-validator-0.1.4 rfc3986-validator-0.1.1 rfc3987-syntax-1.1.0 rpds-py-0.27.1 send2trash-1.8.3 simpervisor-1.0.0 six-1.17.0 sniffio-1.3.1 soupsieve-2.8 stack_data-0.6.3 terminado-0.18.1 tinycss2-1.4.0 tornado-6.5.2 traitlets-5.14.3 types-python-dateutil-2.9.0.20250822 uri-template-1.3.0 wcwidth-0.2.14 webcolors-24.11.1 webencodings-0.5.1 websocket-client-1.8.0
2025-10-03 16:13:39.076Z: #16 37.48 WARNING: Running pip as the 'root' user can result in broken permissions and conflicting behaviour with the system package manager. It is recommended to use a virtual environment instead: https://pip.pypa.io/warnings/venv
2025-10-03 16:13:39.249Z: #16 37.80 Installing jupyterlab
#16 37.80 Python and PIP already installed.
2025-10-03 16:13:39.871Z: #16 38.43 Collecting jupyterlab
2025-10-03 16:13:40.024Z: #16 38.46   Downloading jupyterlab-4.4.9-py3-none-any.whl.metadata (16 kB)
#16 38.48 Collecting jupyter
#16 38.49   Downloading jupyter-1.1.1-py2.py3-none-any.whl.metadata (2.0 kB)
#16 38.58 Collecting async-lru>=1.0.0 (from jupyterlab)
2025-10-03 16:13:40.150Z: #16 38.58   Downloading async_lru-2.0.5-py3-none-any.whl.metadata (4.5 kB)
#16 38.62 Collecting httpx<1,>=0.25.0 (from jupyterlab)
#16 38.62   Downloading httpx-0.28.1-py3-none-any.whl.metadata (7.1 kB)
#16 38.63 Requirement already satisfied: ipykernel!=6.30.0,>=6.5.0 in /usr/local/lib/python3.12/dist-packages (from jupyterlab) (6.30.1)
#16 38.63 Requirement already satisfied: jinja2>=3.0.3 in /usr/local/lib/python3.12/dist-packages (from jupyterlab) (3.1.6)
#16 38.63 Requirement already satisfied: jupyter-core in /usr/local/lib/python3.12/dist-packages (from jupyterlab) (5.8.1)
#16 38.65 Collecting jupyter-lsp>=2.0.0 (from jupyterlab)
2025-10-03 16:13:40.151Z: #16 38.66   Downloading jupyter_lsp-2.3.0-py3-none-any.whl.metadata (1.8 kB)
#16 38.66 Requirement already satisfied: jupyter-server<3,>=2.4.0 in /usr/local/lib/python3.12/dist-packages (from jupyterlab) (2.17.0)
#16 38.71 Collecting jupyterlab-server<3,>=2.27.1 (from jupyterlab)
2025-10-03 16:13:40.276Z: #16 38.71   Downloading jupyterlab_server-2.27.3-py3-none-any.whl.metadata (5.9 kB)
#16 38.73 Collecting notebook-shim>=0.2 (from jupyterlab)
#16 38.74   Downloading notebook_shim-0.2.4-py3-none-any.whl.metadata (4.0 kB)
#16 38.74 Requirement already satisfied: packaging in /usr/lib/python3/dist-packages (from jupyterlab) (24.0)
#16 38.74 Requirement already satisfied: setuptools>=41.1.0 in /usr/lib/python3/dist-packages (from jupyterlab) (68.1.2)
#16 38.74 Requirement already satisfied: tornado>=6.2.0 in /usr/local/lib/python3.12/dist-packages (from jupyterlab) (6.5.2)
#16 38.75 Requirement already satisfied: traitlets in /usr/local/lib/python3.12/dist-packages (from jupyterlab) (5.14.3)
#16 38.80 Collecting notebook (from jupyter)
#16 38.80   Downloading notebook-7.4.7-py3-none-any.whl.metadata (10 kB)
#16 38.83 Collecting jupyter-console (from jupyter)
2025-10-03 16:13:40.412Z: #16 38.83   Downloading jupyter_console-6.6.3-py3-none-any.whl.metadata (5.8 kB)2025-10-03 16:13:40.412Z: 
#16 38.84 Requirement already satisfied: nbconvert in /usr/local/lib/python3.12/dist-packages (from jupyter) (7.16.6)
#16 38.88 Collecting ipywidgets (from jupyter)
#16 38.88   Downloading ipywidgets-8.1.7-py3-none-any.whl.metadata (2.4 kB)
#16 38.92 Requirement already satisfied: anyio in /usr/local/lib/python3.12/dist-packages (from httpx<1,>=0.25.0->jupyterlab) (4.11.0)
#16 38.92 Requirement already satisfied: certifi in /usr/local/lib/python3.12/dist-packages (from httpx<1,>=0.25.0->jupyterlab) (2025.8.3)
#16 38.97 Collecting httpcore==1.* (from httpx<1,>=0.25.0->jupyterlab)
2025-10-03 16:13:40.514Z: #16 38.97   Downloading httpcore-1.0.9-py3-none-any.whl.metadata (21 kB)
#16 38.98 Requirement already satisfied: idna in /usr/local/lib/python3.12/dist-packages (from httpx<1,>=0.25.0->jupyterlab) (3.10)
#16 39.00 Collecting h11>=0.16 (from httpcore==1.*->httpx<1,>=0.25.0->jupyterlab)
#16 39.00   Downloading h11-0.16.0-py3-none-any.whl.metadata (8.3 kB)
#16 39.03 Requirement already satisfied: comm>=0.1.1 in /usr/local/lib/python3.12/dist-packages (from ipykernel!=6.30.0,>=6.5.0->jupyterlab) (0.2.3)2025-10-03 16:13:40.514Z: 
#16 39.03 Requirement already satisfied: debugpy>=1.6.5 in /usr/local/lib/python3.12/dist-packages (from ipykernel!=6.30.0,>=6.5.0->jupyterlab) (1.8.17)
#16 39.03 Requirement already satisfied: ipython>=7.23.1 in /usr/local/lib/python3.12/dist-packages (from ipykernel!=6.30.0,>=6.5.0->jupyterlab) (9.6.0)
#16 39.03 Requirement already satisfied: jupyter-client>=8.0.0 in /usr/local/lib/python3.12/dist-packages (from ipykernel!=6.30.0,>=6.5.0->jupyterlab) (8.6.3)
#16 39.03 Requirement already satisfied: matplotlib-inline>=0.1 in /usr/local/lib/python3.12/dist-packages (from ipykernel!=6.30.0,>=6.5.0->jupyterlab) (0.1.7)
#16 39.03 Requirement already satisfied: nest-asyncio>=1.4 in /usr/local/lib/python3.12/dist-packages (from ipykernel!=6.30.0,>=6.5.0->jupyterlab) (1.6.0)
#16 39.04 Requirement already satisfied: psutil>=5.7 in /usr/local/lib/python3.12/dist-packages (from ipykernel!=6.30.0,>=6.5.0->jupyterlab) (7.1.0)
#16 39.04 Requirement already satisfied: pyzmq>=25 in /usr/local/lib/python3.12/dist-packages (from ipykernel!=6.30.0,>=6.5.0->jupyterlab) (27.1.0)
#16 39.04 Requirement already satisfied: MarkupSafe>=2.0 in /usr/local/lib/python3.12/dist-packages (from jinja2>=3.0.3->jupyterlab) (3.0.3)
#16 39.07 Requirement already satisfied: platformdirs>=2.5 in /usr/lib/python3/dist-packages (from jupyter-core->jupyterlab) (4.2.0)
2025-10-03 16:13:40.625Z: #16 39.10 Requirement already satisfied: argon2-cffi>=21.1 in /usr/local/lib/python3.12/dist-packages (from jupyter-server<3,>=2.4.0->jupyterlab) (25.1.0)
#16 39.10 Requirement already satisfied: jupyter-events>=0.11.0 in /usr/local/lib/python3.12/dist-packages (from jupyter-server<3,>=2.4.0->jupyterlab) (0.12.0)
#16 39.10 Requirement already satisfied: jupyter-server-terminals>=0.4.4 in /usr/local/lib/python3.12/dist-packages (from jupyter-server<3,>=2.4.0->jupyterlab) (0.5.3)
#16 39.10 Requirement already satisfied: nbformat>=5.3.0 in /usr/local/lib/python3.12/dist-packages (from jupyter-server<3,>=2.4.0->jupyterlab) (5.10.4)
#16 39.10 Requirement already satisfied: prometheus-client>=0.9 in /usr/local/lib/python3.12/dist-packages (from jupyter-server<3,>=2.4.0->jupyterlab) (0.23.1)
#16 39.10 Requirement already satisfied: send2trash>=1.8.2 in /usr/local/lib/python3.12/dist-packages (from jupyter-server<3,>=2.4.0->jupyterlab) (1.8.3)
#16 39.10 Requirement already satisfied: terminado>=0.8.3 in /usr/local/lib/python3.12/dist-packages (from jupyter-server<3,>=2.4.0->jupyterlab) (0.18.1)
#16 39.11 Requirement already satisfied: websocket-client>=1.7 in /usr/local/lib/python3.12/dist-packages (from jupyter-server<3,>=2.4.0->jupyterlab) (1.8.0)
#16 39.15 Collecting babel>=2.10 (from jupyterlab-server<3,>=2.27.1->jupyterlab)
#16 39.15   Downloading babel-2.17.0-py3-none-any.whl.metadata (2.0 kB)
#16 39.18 Collecting json5>=0.9.0 (from jupyterlab-server<3,>=2.27.1->jupyterlab)
2025-10-03 16:13:40.775Z: #16 39.18   Downloading json5-0.12.1-py3-none-any.whl.metadata (36 kB)
#16 39.19 Requirement already satisfied: jsonschema>=4.18.0 in /usr/local/lib/python3.12/dist-packages (from jupyterlab-server<3,>=2.27.1->jupyterlab) (4.25.1)
#16 39.20 Requirement already satisfied: requests>=2.31 in /usr/local/lib/python3.12/dist-packages (from jupyterlab-server<3,>=2.27.1->jupyterlab) (2.32.5)
#16 39.22 Requirement already satisfied: beautifulsoup4 in /usr/local/lib/python3.12/dist-packages (from nbconvert->jupyter) (4.14.2)
#16 39.22 Requirement already satisfied: bleach!=5.0.0 in /usr/local/lib/python3.12/dist-packages (from bleach[css]!=5.0.0->nbconvert->jupyter) (6.2.0)
#16 39.22 Requirement already satisfied: defusedxml in /usr/local/lib/python3.12/dist-packages (from nbconvert->jupyter) (0.7.1)
#16 39.23 Requirement already satisfied: jupyterlab-pygments in /usr/local/lib/python3.12/dist-packages (from nbconvert->jupyter) (0.3.0)
#16 39.23 Requirement already satisfied: mistune<4,>=2.0.3 in /usr/local/lib/python3.12/dist-packages (from nbconvert->jupyter) (3.1.4)
#16 39.23 Requirement already satisfied: nbclient>=0.5.0 in /usr/local/lib/python3.12/dist-packages (from nbconvert->jupyter) (0.10.2)
#16 39.23 Requirement already satisfied: pandocfilters>=1.4.1 in /usr/local/lib/python3.12/dist-packages (from nbconvert->jupyter) (1.5.1)
#16 39.23 Requirement already satisfied: pygments>=2.4.1 in /usr/local/lib/python3.12/dist-packages (from nbconvert->jupyter) (2.19.2)
#16 39.33 Collecting widgetsnbextension~=4.0.14 (from ipywidgets->jupyter)
2025-10-03 16:13:40.880Z: #16 39.33   Downloading widgetsnbextension-4.0.14-py3-none-any.whl.metadata (1.6 kB)
#16 39.37 Collecting jupyterlab_widgets~=3.0.15 (from ipywidgets->jupyter)
#16 39.37   Downloading jupyterlab_widgets-3.0.15-py3-none-any.whl.metadata (20 kB)
#16 39.39 Requirement already satisfied: prompt-toolkit>=3.0.30 in /usr/local/lib/python3.12/dist-packages (from jupyter-console->jupyter) (3.0.52)
#16 39.44 Requirement already satisfied: sniffio>=1.1 in /usr/local/lib/python3.12/dist-packages (from anyio->httpx<1,>=0.25.0->jupyterlab) (1.3.1)
2025-10-03 16:13:40.996Z: #16 39.44 Requirement already satisfied: typing_extensions>=4.5 in /usr/local/lib/python3.12/dist-packages (from anyio->httpx<1,>=0.25.0->jupyterlab) (4.15.0)
#16 39.44 Requirement already satisfied: argon2-cffi-bindings in /usr/local/lib/python3.12/dist-packages (from argon2-cffi>=21.1->jupyter-server<3,>=2.4.0->jupyterlab) (25.1.0)
2025-10-03 16:13:40.996Z: #16 39.46 Requirement already satisfied: webencodings in /usr/local/lib/python3.12/dist-packages (from bleach!=5.0.0->bleach[css]!=5.0.0->nbconvert->jupyter) (0.5.1)
#16 39.46 Requirement already satisfied: tinycss2<1.5,>=1.1.0 in /usr/local/lib/python3.12/dist-packages (from bleach[css]!=5.0.0->nbconvert->jupyter) (1.4.0)
#16 39.50 Requirement already satisfied: decorator in /usr/local/lib/python3.12/dist-packages (from ipython>=7.23.1->ipykernel!=6.30.0,>=6.5.0->jupyterlab) (5.2.1)
#16 39.50 Requirement already satisfied: ipython-pygments-lexers in /usr/local/lib/python3.12/dist-packages (from ipython>=7.23.1->ipykernel!=6.30.0,>=6.5.0->jupyterlab) (1.1.1)
#16 39.50 Requirement already satisfied: jedi>=0.16 in /usr/local/lib/python3.12/dist-packages (from ipython>=7.23.1->ipykernel!=6.30.0,>=6.5.0->jupyterlab) (0.19.2)
#16 39.50 Requirement already satisfied: pexpect>4.3 in /usr/local/lib/python3.12/dist-packages (from ipython>=7.23.1->ipykernel!=6.30.0,>=6.5.0->jupyterlab) (4.9.0)
#16 39.51 Requirement already satisfied: stack_data in /usr/local/lib/python3.12/dist-packages (from ipython>=7.23.1->ipykernel!=6.30.0,>=6.5.0->jupyterlab) (0.6.3)
#16 39.53 Requirement already satisfied: attrs>=22.2.0 in /usr/local/lib/python3.12/dist-packages (from jsonschema>=4.18.0->jupyterlab-server<3,>=2.27.1->jupyterlab) (25.3.0)
#16 39.53 Requirement already satisfied: jsonschema-specifications>=2023.03.6 in /usr/local/lib/python3.12/dist-packages (from jsonschema>=4.18.0->jupyterlab-server<3,>=2.27.1->jupyterlab) (2025.9.1)
#16 39.53 Requirement already satisfied: referencing>=0.28.4 in /usr/local/lib/python3.12/dist-packages (from jsonschema>=4.18.0->jupyterlab-server<3,>=2.27.1->jupyterlab) (0.36.2)
#16 39.54 Requirement already satisfied: rpds-py>=0.7.1 in /usr/local/lib/python3.12/dist-packages (from jsonschema>=4.18.0->jupyterlab-server<3,>=2.27.1->jupyterlab) (0.27.1)
#16 39.55 Requirement already satisfied: python-dateutil>=2.8.2 in /usr/local/lib/python3.12/dist-packages (from jupyter-client>=8.0.0->ipykernel!=6.30.0,>=6.5.0->jupyterlab) (2.9.0.post0)
2025-10-03 16:13:41.127Z: #16 39.57 Requirement already satisfied: python-json-logger>=2.0.4 in /usr/local/lib/python3.12/dist-packages (from jupyter-events>=0.11.0->jupyter-server<3,>=2.4.0->jupyterlab) (3.3.0)
#16 39.57 Requirement already satisfied: pyyaml>=5.3 in /usr/local/lib/python3.12/dist-packages (from jupyter-events>=0.11.0->jupyter-server<3,>=2.4.0->jupyterlab) (6.0.3)
#16 39.57 Requirement already satisfied: rfc3339-validator in /usr/local/lib/python3.12/dist-packages (from jupyter-events>=0.11.0->jupyter-server<3,>=2.4.0->jupyterlab) (0.1.4)
#16 39.57 Requirement already satisfied: rfc3986-validator>=0.1.1 in /usr/local/lib/python3.12/dist-packages (from jupyter-events>=0.11.0->jupyter-server<3,>=2.4.0->jupyterlab) (0.1.1)
#16 39.64 Requirement already satisfied: fastjsonschema>=2.15 in /usr/local/lib/python3.12/dist-packages (from nbformat>=5.3.0->jupyter-server<3,>=2.4.0->jupyterlab) (2.21.2)
#16 39.68 Requirement already satisfied: wcwidth in /usr/local/lib/python3.12/dist-packages (from prompt-toolkit>=3.0.30->jupyter-console->jupyter) (0.2.14)
2025-10-03 16:13:41.232Z: #16 39.73 Requirement already satisfied: charset_normalizer<4,>=2 in /usr/local/lib/python3.12/dist-packages (from requests>=2.31->jupyterlab-server<3,>=2.27.1->jupyterlab) (3.4.3)
#16 39.74 Requirement already satisfied: urllib3<3,>=1.21.1 in /usr/local/lib/python3.12/dist-packages (from requests>=2.31->jupyterlab-server<3,>=2.27.1->jupyterlab) (2.5.0)
#16 39.76 Requirement already satisfied: ptyprocess in /usr/local/lib/python3.12/dist-packages (from terminado>=0.8.3->jupyter-server<3,>=2.4.0->jupyterlab) (0.7.0)
#16 39.79 Requirement already satisfied: soupsieve>1.2 in /usr/local/lib/python3.12/dist-packages (from beautifulsoup4->nbconvert->jupyter) (2.8)
2025-10-03 16:13:41.358Z: #16 39.88 Requirement already satisfied: parso<0.9.0,>=0.8.4 in /usr/local/lib/python3.12/dist-packages (from jedi>=0.16->ipython>=7.23.1->ipykernel!=6.30.0,>=6.5.0->jupyterlab) (0.8.5)
#16 39.91 Requirement already satisfied: fqdn in /usr/local/lib/python3.12/dist-packages (from jsonschema[format-nongpl]>=4.18.0->jupyter-events>=0.11.0->jupyter-server<3,>=2.4.0->jupyterlab) (1.5.1)
2025-10-03 16:13:41.509Z: #16 39.92 Requirement already satisfied: isoduration in /usr/local/lib/python3.12/dist-packages (from jsonschema[format-nongpl]>=4.18.0->jupyter-events>=0.11.0->jupyter-server<3,>=2.4.0->jupyterlab) (20.11.0)
#16 39.92 Requirement already satisfied: jsonpointer>1.13 in /usr/local/lib/python3.12/dist-packages (from jsonschema[format-nongpl]>=4.18.0->jupyter-events>=0.11.0->jupyter-server<3,>=2.4.0->jupyterlab) (3.0.0)
#16 39.92 Requirement already satisfied: rfc3987-syntax>=1.1.0 in /usr/local/lib/python3.12/dist-packages (from jsonschema[format-nongpl]>=4.18.0->jupyter-events>=0.11.0->jupyter-server<3,>=2.4.0->jupyterlab) (1.1.0)2025-10-03 16:13:41.510Z: 
#16 39.92 Requirement already satisfied: uri-template in /usr/local/lib/python3.12/dist-packages (from jsonschema[format-nongpl]>=4.18.0->jupyter-events>=0.11.0->jupyter-server<3,>=2.4.0->jupyterlab) (1.3.0)
#16 39.92 Requirement already satisfied: webcolors>=24.6.0 in /usr/local/lib/python3.12/dist-packages (from jsonschema[format-nongpl]>=4.18.0->jupyter-events>=0.11.0->jupyter-server<3,>=2.4.0->jupyterlab) (24.11.1)
#16 39.94 Requirement already satisfied: six>=1.5 in /usr/local/lib/python3.12/dist-packages (from python-dateutil>=2.8.2->jupyter-client>=8.0.0->ipykernel!=6.30.0,>=6.5.0->jupyterlab) (1.17.0)
#16 40.06 Requirement already satisfied: cffi>=1.0.1 in /usr/local/lib/python3.12/dist-packages (from argon2-cffi-bindings->argon2-cffi>=21.1->jupyter-server<3,>=2.4.0->jupyterlab) (2.0.0)
2025-10-03 16:13:41.637Z: #16 40.10 Requirement already satisfied: executing>=1.2.0 in /usr/local/lib/python3.12/dist-packages (from stack_data->ipython>=7.23.1->ipykernel!=6.30.0,>=6.5.0->jupyterlab) (2.2.1)
#16 40.10 Requirement already satisfied: asttokens>=2.1.0 in /usr/local/lib/python3.12/dist-packages (from stack_data->ipython>=7.23.1->ipykernel!=6.30.0,>=6.5.0->jupyterlab) (3.0.0)
#16 40.10 Requirement already satisfied: pure-eval in /usr/local/lib/python3.12/dist-packages (from stack_data->ipython>=7.23.1->ipykernel!=6.30.0,>=6.5.0->jupyterlab) (0.2.3)2025-10-03 16:13:41.638Z: 
#16 40.13 Requirement already satisfied: pycparser in /usr/local/lib/python3.12/dist-packages (from cffi>=1.0.1->argon2-cffi-bindings->argon2-cffi>=21.1->jupyter-server<3,>=2.4.0->jupyterlab) (2.23)
#16 40.16 Requirement already satisfied: lark>=1.2.2 in /usr/local/lib/python3.12/dist-packages (from rfc3987-syntax>=1.1.0->jsonschema[format-nongpl]>=4.18.0->jupyter-events>=0.11.0->jupyter-server<3,>=2.4.0->jupyterlab) (1.3.0)
#16 40.19 Requirement already satisfied: arrow>=0.15.0 in /usr/local/lib/python3.12/dist-packages (from isoduration->jsonschema[format-nongpl]>=4.18.0->jupyter-events>=0.11.0->jupyter-server<3,>=2.4.0->jupyterlab) (1.3.0)
2025-10-03 16:13:41.864Z: #16 40.23 Requirement already satisfied: types-python-dateutil>=2.8.10 in /usr/local/lib/python3.12/dist-packages (from arrow>=0.15.0->isoduration->jsonschema[format-nongpl]>=4.18.0->jupyter-events>=0.11.0->jupyter-server<3,>=2.4.0->jupyterlab) (2.9.0.20250822)
#16 40.27 Downloading jupyterlab-4.4.9-py3-none-any.whl (12.3 MB)
2025-10-03 16:13:41.945Z: #16 40.50    ━━━━━━━━━━━━━━━━━━━━━━━━━━━━━━━━━━━━━━━━ 12.3/12.3 MB 46.7 MB/s eta 0:00:002025-10-03 16:13:42.179Z: 
#16 40.50 Downloading jupyter-1.1.1-py2.py3-none-any.whl (2.7 kB)
#16 40.51 Downloading async_lru-2.0.5-py3-none-any.whl (6.1 kB)
#16 40.52 Downloading httpx-0.28.1-py3-none-any.whl (73 kB)
#16 40.53    ━━━━━━━━━━━━━━━━━━━━━━━━━━━━━━━━━━━━━━━━ 73.5/73.5 kB 12.9 MB/s eta 0:00:00
#16 40.53 Downloading httpcore-1.0.9-py3-none-any.whl (78 kB)
#16 40.54    ━━━━━━━━━━━━━━━━━━━━━━━━━━━━━━━━━━━━━━━━ 78.8/78.8 kB 11.9 MB/s eta 0:00:00
#16 40.54 Downloading jupyter_lsp-2.3.0-py3-none-any.whl (76 kB)
#16 40.55    ━━━━━━━━━━━━━━━━━━━━━━━━━━━━━━━━━━━━━━━━ 76.7/76.7 kB 13.7 MB/s eta 0:00:00
#16 40.55 Downloading jupyterlab_server-2.27.3-py3-none-any.whl (59 kB)
#16 40.56    ━━━━━━━━━━━━━━━━━━━━━━━━━━━━━━━━━━━━━━━━ 59.7/59.7 kB 10.1 MB/s eta 0:00:00
#16 40.56 Downloading notebook_shim-0.2.4-py3-none-any.whl (13 kB)
2025-10-03 16:13:42.180Z: #16 40.57 Downloading ipywidgets-8.1.7-py3-none-any.whl (139 kB)
#16 40.57    ━━━━━━━━━━━━━━━━━━━━━━━━━━━━━━━━━━━━━━━━ 139.8/139.8 kB 21.5 MB/s eta 0:00:00
#16 40.58 Downloading jupyter_console-6.6.3-py3-none-any.whl (24 kB)
#16 40.58 Downloading notebook-7.4.7-py3-none-any.whl (14.3 MB)
2025-10-03 16:13:42.314Z: #16 40.87    ━━━━━━━━━━━━━━━━━━━━━━━━━━━━━━━━━━━━━━━━ 14.3/14.3 MB 38.6 MB/s eta 0:00:002025-10-03 16:13:42.468Z: 
#16 40.87 Downloading babel-2.17.0-py3-none-any.whl (10.2 MB)
2025-10-03 16:13:42.503Z: #16 41.06    ━━━━━━━━━━━━━━━━━━━━━━━━━━━━━━━━━━━━━━━━ 10.2/10.2 MB 55.3 MB/s eta 0:00:002025-10-03 16:13:42.728Z: 
#16 41.06 Downloading json5-0.12.1-py3-none-any.whl (36 kB)
#16 41.07 Downloading jupyterlab_widgets-3.0.15-py3-none-any.whl (216 kB)
#16 41.08    ━━━━━━━━━━━━━━━━━━━━━━━━━━━━━━━━━━━━━━━━ 216.6/216.6 kB 26.4 MB/s eta 0:00:00
#16 41.08 Downloading widgetsnbextension-4.0.14-py3-none-any.whl (2.2 MB)
2025-10-03 16:13:42.728Z: #16 41.13    ━━━━━━━━━━━━━━━━━━━━━━━━━━━━━━━━━━━━━━━━ 2.2/2.2 MB 51.0 MB/s eta 0:00:00
#16 41.13 Downloading h11-0.16.0-py3-none-any.whl (37 kB)
2025-10-03 16:13:43.279Z: #16 41.83 Installing collected packages: widgetsnbextension, jupyterlab_widgets, json5, h11, babel, async-lru, httpcore, ipywidgets, httpx, jupyter-console, notebook-shim, jupyterlab-server, jupyter-lsp, jupyterlab, notebook, jupyter
2025-10-03 16:13:45.291Z: #16 43.85 Successfully installed async-lru-2.0.5 babel-2.17.0 h11-0.16.0 httpcore-1.0.9 httpx-0.28.1 ipywidgets-8.1.7 json5-0.12.1 jupyter-1.1.1 jupyter-console-6.6.3 jupyter-lsp-2.3.0 jupyterlab-4.4.9 jupyterlab-server-2.27.3 jupyterlab_widgets-3.0.15 notebook-7.4.7 notebook-shim-0.2.4 widgetsnbextension-4.0.14
2025-10-03 16:13:45.397Z: #16 43.85 WARNING: Running pip as the 'root' user can result in broken permissions and conflicting behaviour with the system package manager. It is recommended to use a virtual environment instead: https://pip.pypa.io/warnings/venv
#16 43.95 User wants to start in MATLAB Desktop.
2025-10-03 16:13:45.398Z: #16 43.95 MATLAB Proxy already installed.
2025-10-03 16:13:45.501Z: #16 43.97 Running install-matlab-deps script on: Ubuntu 24.04.2 LTS
#16 43.97 ID=ubuntu , VERSION_ID=24.04, for MATLAB_RELEASE=R2025b
#16 43.97 install command: apt-get -y install --no-install-recommends
2025-10-03 16:13:45.501Z: #16 43.97 INSTALLING wget unzip ca-certificates
#16 43.98 UPDATING using apt-get
#16 43.98 Running apt-get update...
#16 44.04 Hit:1 http://archive.ubuntu.com/ubuntu noble InRelease
#16 44.04 Hit:2 http://archive.ubuntu.com/ubuntu noble-updates InRelease
#16 44.06 Hit:3 http://archive.ubuntu.com/ubuntu noble-backports InRelease
2025-10-03 16:13:45.618Z: #16 44.17 Hit:4 http://security.ubuntu.com/ubuntu noble-security InRelease
2025-10-03 16:13:45.861Z: #16 44.27 Reading package lists...2025-10-03 16:13:46.562Z: 
2025-10-03 16:13:46.748Z: #16 45.14 Reading package lists...2025-10-03 16:13:47.363Z: 
2025-10-03 16:13:47.526Z: #16 45.93 Building dependency tree...2025-10-03 16:13:47.545Z: 
#16 46.10 Reading state information...2025-10-03 16:13:47.696Z: 
2025-10-03 16:13:47.732Z: #16 46.29 wget is already the newest version (1.21.4-1ubuntu4.1).
#16 46.29 unzip is already the newest version (6.0-28ubuntu4.1).
#16 46.29 ca-certificates is already the newest version (20240203).
#16 46.29 0 upgraded, 0 newly installed, 0 to remove and 27 not upgraded.
2025-10-03 16:13:47.873Z: #16 46.29 Get list of dependencies from R2025b/ubuntu24.04/base-dependencies.txt
#16 46.37 install command: apt-get -y install --no-install-recommends
#16 46.37 INSTALLING ca-certificates debianutils ibverbs-providers libasound2t64 libatk-bridge2.0-0t64 libatk1.0-0t64 libatomic1 libatspi2.0-0t64 libc6 libcairo-gobject2 libcairo2 libcap2 libcrypt1 libcups2t64 libdrm2 libfontconfig1 libfribidi0 libgbm1 libgdk-pixbuf-2.0-0 libgl1 libglib2.0-0t64 libgstreamer-plugins-base1.0-0 libgstreamer1.0-0 libgtk-3-0t64 libibverbs1 libice6 libltdl7 libnspr4 libnss3 libnuma1 libpam0g libpango-1.0-0 libpangocairo-1.0-0 libpangoft2-1.0-0 libpixman-1-0 libpsm2-2 librdmacm1t64 libsndfile1 libtirpc3t64 libucx0 libuhd4.6.0-dpdk libuuid1 libxcomposite1 libxcursor1 libxdamage1 libxfixes3 libxfont2 libxft2 libxinerama1 libxrandr2 libxt6t64 libxtst6 libxxf86vm1 locales locales-all make net-tools procps sudo unzip x11-xkb-utils zlib1g wget
#16 46.37 UPDATING using apt-get
#16 46.37 Running apt-get update...
#16 46.43 Hit:1 http://security.ubuntu.com/ubuntu noble-security InRelease
2025-10-03 16:13:48.002Z: #16 46.56 Hit:2 http://archive.ubuntu.com/ubuntu noble InRelease
2025-10-03 16:13:48.163Z: #16 46.64 Hit:3 http://archive.ubuntu.com/ubuntu noble-updates InRelease
#16 46.72 Hit:4 http://archive.ubuntu.com/ubuntu noble-backports InRelease
2025-10-03 16:13:48.371Z: #16 46.78 Reading package lists...2025-10-03 16:13:49.005Z: 
2025-10-03 16:13:49.179Z: #16 47.58 Reading package lists...2025-10-03 16:13:49.804Z: 
2025-10-03 16:13:49.964Z: #16 48.37 Building dependency tree...2025-10-03 16:13:50.008Z: 
#16 48.56 Reading state information...2025-10-03 16:13:50.159Z: 
2025-10-03 16:13:50.185Z: #16 48.74 ca-certificates is already the newest version (20240203).2025-10-03 16:13:50.185Z: 
#16 48.74 debianutils is already the newest version (5.17build1).
#16 48.74 libatomic1 is already the newest version (14.2.0-4ubuntu2~24.04).
#16 48.74 libatomic1 set to manually installed.
#16 48.74 libcap2 is already the newest version (1:2.66-5ubuntu2.2).
#16 48.74 libcrypt1 is already the newest version (1:4.4.36-4build1).
#16 48.74 libdrm2 is already the newest version (2.4.122-1~ubuntu0.24.04.1).
#16 48.74 libdrm2 set to manually installed.
#16 48.74 libfontconfig1 is already the newest version (2.15.0-1.1ubuntu2).
#16 48.74 libfontconfig1 set to manually installed.
#16 48.74 libgbm1 is already the newest version (25.0.7-0ubuntu0.24.04.2).
#16 48.74 libgbm1 set to manually installed.
#16 48.74 libgl1 is already the newest version (1.7.0-1build1).
#16 48.74 libgl1 set to manually installed.
#16 48.74 libice6 is already the newest version (2:1.0.10-1build3).
#16 48.74 libice6 set to manually installed.
#16 48.74 libnspr4 is already the newest version (2:4.35-1.1build1).
#16 48.74 libnspr4 set to manually installed.
#16 48.74 libnss3 is already the newest version (2:3.98-1build1).
#16 48.74 libnss3 set to manually installed.
#16 48.74 libnuma1 is already the newest version (2.0.18-1build1).
#16 48.74 libnuma1 set to manually installed.
#16 48.74 libpixman-1-0 is already the newest version (0.42.2-1build1).
#16 48.74 libpixman-1-0 set to manually installed.
#16 48.74 libtirpc3t64 is already the newest version (1.3.4+ds-1.1build1).
#16 48.74 libtirpc3t64 set to manually installed.
#16 48.74 libuuid1 is already the newest version (2.39.3-9ubuntu6.3).
#16 48.74 libxfont2 is already the newest version (1:2.0.6-1build1).
#16 48.74 libxfont2 set to manually installed.
2025-10-03 16:13:50.186Z: #16 48.74 libxft2 is already the newest version (2.3.6-1build1).
#16 48.74 libxft2 set to manually installed.
#16 48.74 libxrandr2 is already the newest version (2:1.5.2-2build1).
#16 48.74 libxrandr2 set to manually installed.
#16 48.74 libxt6t64 is already the newest version (1:1.2.1-1.2build1).2025-10-03 16:13:50.186Z: 
#16 48.74 libxt6t64 set to manually installed.
#16 48.74 libxxf86vm1 is already the newest version (1:1.1.4-1build4).
#16 48.74 libxxf86vm1 set to manually installed.
#16 48.74 make is already the newest version (4.3-4.1build2).
#16 48.74 net-tools is already the newest version (2.10-0.1ubuntu4.4).
#16 48.74 procps is already the newest version (2:4.0.4-4ubuntu3.2).
#16 48.74 sudo is already the newest version (1.9.15p5-3ubuntu5.24.04.1).
#16 48.74 unzip is already the newest version (6.0-28ubuntu4.1).
#16 48.74 x11-xkb-utils is already the newest version (7.7+8build2).
#16 48.74 x11-xkb-utils set to manually installed.
#16 48.74 zlib1g is already the newest version (1:1.3.dfsg-3.1ubuntu2.1).
#16 48.74 wget is already the newest version (1.21.4-1ubuntu4.1).
#16 48.74 The following additional packages will be installed:
#16 48.74   adwaita-icon-theme at-spi2-common dbus dbus-bin dbus-daemon
#16 48.74   dbus-session-bus-common dbus-system-bus-common dbus-user-session
2025-10-03 16:13:50.337Z: #16 48.74   dconf-gsettings-backend dconf-service fontconfig gtk-update-icon-cache
#16 48.74   hicolor-icon-theme humanity-icon-theme iso-codes libamd-comgr2 libamdhip64-5
#16 48.74   libargon2-1 libasound2-data libavahi-client3 libavahi-common-data
#16 48.74   libavahi-common3 libboost-chrono1.83.0t64 libboost-filesystem1.83.0
#16 48.74   libboost-serialization1.83.0 libboost-thread1.83.0 libc-bin libc-dev-bin
#16 48.74   libc6-dev libcolord2 libcryptsetup12 libdatrie1 libdbus-1-3 libdconf1
2025-10-03 16:13:50.338Z: #16 48.74   libdeflate0 libdevmapper1.02.1 libdw1t64 libepoxy0 libfdisk1 libfdt1
#16 48.74   libflac12t64 libgdk-pixbuf2.0-common libgraphite2-3 libgtk-3-common
#16 48.74   libharfbuzz0b libhsa-runtime64-1 libhsakmt1 libjbig0 libjpeg-turbo8 libjpeg8
#16 48.74   libjson-c5 libkmod2 liblcms2-2 liblerc4 libllvm17t64 libmp3lame0
#16 48.74   libmpg123-0t64 libnl-route-3-200 libogg0 libopus0 liborc-0.4-0t64
#16 48.74   libpam-modules libpam-modules-bin libpam-runtime libpam-systemd librte-eal24
#16 48.74   librte-ethdev24 librte-hash24 librte-kvargs24 librte-log24 librte-mbuf24
#16 48.74   librte-mempool24 librte-meter24 librte-net24 librte-rcu24 librte-ring24
#16 48.74   librte-telemetry24 libsharpyuv0 libsystemd-shared libsystemd0 libthai-data
#16 48.74   libthai0 libtiff6 libudev1 libusb-1.0-0 libvorbis0a libvorbisenc2
#16 48.74   libwayland-client0 libwayland-cursor0 libwayland-egl1 libwebp7
#16 48.74   libxcb-render0 libxi6 libxkbcommon0 shared-mime-info systemd systemd-dev
#16 48.74   systemd-sysv ubuntu-mono
#16 48.74 Suggested packages:
#16 48.74   isoquery alsa-utils libasound2-plugins glibc-doc libnss-nis libnss-nisplus
#16 48.74   colord cups-common low-memory-monitor libvisual-0.4-plugins
#16 48.74   gstreamer1.0-tools gvfs liblcms2-utils opus-tools libpam-doc uhd-host
#16 48.74   systemd-container systemd-homed systemd-userdbd systemd-boot libip4tc2
#16 48.74   libqrencode4 libtss2-esys-3.0.2-0 libtss2-mu-4.0.1-0 libtss2-rc0
#16 48.74   libtss2-tcti-device0 polkitd
#16 48.74 Recommended packages:
#16 48.74   librsvg2-common alsa-ucm-conf alsa-topology-conf at-spi2-core libc-devtools
#16 48.74   dmsetup libgdk-pixbuf2.0-bin libglib2.0-data xdg-user-dirs2025-10-03 16:13:50.338Z: 
#16 48.74   gstreamer1.0-plugins-base libgtk-3-bin networkd-dispatcher systemd-timesyncd
#16 48.74   | time-daemon systemd-resolved libnss-systemd
2025-10-03 16:13:50.366Z: #16 48.92 The following NEW packages will be installed:
#16 48.92   adwaita-icon-theme at-spi2-common dbus dbus-bin dbus-daemon
#16 48.92   dbus-session-bus-common dbus-system-bus-common dbus-user-session
2025-10-03 16:13:50.550Z: #16 48.92   dconf-gsettings-backend dconf-service fontconfig gtk-update-icon-cache
#16 48.92   hicolor-icon-theme humanity-icon-theme ibverbs-providers iso-codes
#16 48.92   libamd-comgr2 libamdhip64-5 libargon2-1 libasound2-data libasound2t64
#16 48.92   libatk-bridge2.0-0t64 libatk1.0-0t64 libatspi2.0-0t64 libavahi-client3
#16 48.92   libavahi-common-data libavahi-common3 libboost-chrono1.83.0t64
#16 48.92   libboost-filesystem1.83.0 libboost-serialization1.83.0 libboost-thread1.83.0
#16 48.92   libcairo-gobject2 libcairo2 libcolord2 libcryptsetup12 libcups2t64
#16 48.92   libdatrie1 libdbus-1-3 libdconf1 libdeflate0 libdevmapper1.02.1 libdw1t64
#16 48.92   libepoxy0 libfdisk1 libfdt1 libflac12t64 libfribidi0 libgdk-pixbuf-2.0-0
#16 48.92   libgdk-pixbuf2.0-common libglib2.0-0t64 libgraphite2-3
#16 48.92   libgstreamer-plugins-base1.0-0 libgstreamer1.0-0 libgtk-3-0t64
#16 48.92   libgtk-3-common libharfbuzz0b libhsa-runtime64-1 libhsakmt1 libibverbs1
#16 48.92   libjbig0 libjpeg-turbo8 libjpeg8 libjson-c5 libkmod2 liblcms2-2 liblerc4
#16 48.92   libllvm17t64 libltdl7 libmp3lame0 libmpg123-0t64 libnl-route-3-200 libogg0
#16 48.92   libopus0 liborc-0.4-0t64 libpam-systemd libpango-1.0-0 libpangocairo-1.0-0
#16 48.92   libpangoft2-1.0-0 libpsm2-2 librdmacm1t64 librte-eal24 librte-ethdev24
#16 48.92   librte-hash24 librte-kvargs24 librte-log24 librte-mbuf24 librte-mempool24
#16 48.92   librte-meter24 librte-net24 librte-rcu24 librte-ring24 librte-telemetry24
#16 48.92   libsharpyuv0 libsndfile1 libsystemd-shared libthai-data libthai0 libtiff6
#16 48.92   libucx0 libuhd4.6.0-dpdk libusb-1.0-0 libvorbis0a libvorbisenc2
#16 48.92   libwayland-client0 libwayland-cursor0 libwayland-egl1 libwebp7
#16 48.92   libxcb-render0 libxcomposite1 libxcursor1 libxdamage1 libxfixes3 libxi6
#16 48.92   libxinerama1 libxkbcommon0 libxtst6 locales-all shared-mime-info systemd
#16 48.92   systemd-dev systemd-sysv ubuntu-mono
#16 48.92 The following packages will be upgraded:
#16 48.92   libc-bin libc-dev-bin libc6 libc6-dev libpam-modules libpam-modules-bin
#16 48.92   libpam-runtime libpam0g libsystemd0 libudev1 locales
#16 49.00 11 upgraded, 122 newly installed, 0 to remove and 16 not upgraded.
#16 49.00 Need to get 108 MB of archives.
#16 49.00 After this operation, 612 MB of additional disk space will be used.
#16 49.00 Get:1 http://archive.ubuntu.com/ubuntu noble-updates/main amd64 libc6-dev amd64 2.39-0ubuntu8.6 [2125 kB]
#16 49.10 Get:2 http://archive.ubuntu.com/ubuntu noble-updates/main amd64 libc-dev-bin amd64 2.39-0ubuntu8.6 [20.4 kB]
2025-10-03 16:13:50.653Z: #16 49.11 Get:3 http://archive.ubuntu.com/ubuntu noble-updates/main amd64 libc6 amd64 2.39-0ubuntu8.6 [3263 kB]
#16 49.13 Get:4 http://archive.ubuntu.com/ubuntu noble-updates/main amd64 libc-bin amd64 2.39-0ubuntu8.6 [682 kB]
#16 49.13 Get:5 http://archive.ubuntu.com/ubuntu noble-updates/main amd64 libpam0g amd64 1.5.3-5ubuntu5.5 [67.8 kB]
#16 49.13 Get:6 http://archive.ubuntu.com/ubuntu noble-updates/main amd64 libsystemd0 amd64 255.4-1ubuntu8.10 [434 kB]
#16 49.14 Get:7 http://archive.ubuntu.com/ubuntu noble-updates/main amd64 libpam-modules-bin amd64 1.5.3-5ubuntu5.5 [51.9 kB]
#16 49.14 Get:8 http://archive.ubuntu.com/ubuntu noble-updates/main amd64 libpam-modules amd64 1.5.3-5ubuntu5.5 [286 kB]
#16 49.14 Get:9 http://archive.ubuntu.com/ubuntu noble/main amd64 libargon2-1 amd64 0~20190702+dfsg-4build1 [20.8 kB]
#16 49.14 Get:10 http://archive.ubuntu.com/ubuntu noble-updates/main amd64 libudev1 amd64 255.4-1ubuntu8.10 [176 kB]
#16 49.14 Get:11 http://archive.ubuntu.com/ubuntu noble-updates/main amd64 libdevmapper1.02.1 amd64 2:1.02.185-3ubuntu3.2 [139 kB]
#16 49.14 Get:12 http://archive.ubuntu.com/ubuntu noble/main amd64 libjson-c5 amd64 0.17-1build1 [35.3 kB]
#16 49.14 Get:13 http://archive.ubuntu.com/ubuntu noble-updates/main amd64 libcryptsetup12 amd64 2:2.7.0-1ubuntu4.2 [266 kB]
#16 49.15 Get:14 http://archive.ubuntu.com/ubuntu noble-updates/main amd64 libfdisk1 amd64 2.39.3-9ubuntu6.3 [146 kB]
#16 49.16 Get:15 http://archive.ubuntu.com/ubuntu noble-updates/main amd64 libkmod2 amd64 31+20240202-2ubuntu7.1 [51.7 kB]
#16 49.16 Get:16 http://archive.ubuntu.com/ubuntu noble-updates/main amd64 libsystemd-shared amd64 255.4-1ubuntu8.10 [2074 kB]
#16 49.17 Get:17 http://archive.ubuntu.com/ubuntu noble-updates/main amd64 systemd-dev all 255.4-1ubuntu8.10 [105 kB]
#16 49.17 Get:18 http://archive.ubuntu.com/ubuntu noble-updates/main amd64 systemd amd64 255.4-1ubuntu8.10 [3475 kB]
#16 49.19 Get:19 http://archive.ubuntu.com/ubuntu noble-updates/main amd64 systemd-sysv amd64 255.4-1ubuntu8.10 [11.9 kB]
#16 49.19 Get:20 http://archive.ubuntu.com/ubuntu noble-updates/main amd64 libpam-runtime all 1.5.3-5ubuntu5.5 [40.8 kB]
#16 49.19 Get:21 http://archive.ubuntu.com/ubuntu noble-updates/main amd64 libdbus-1-3 amd64 1.14.10-4ubuntu4.1 [210 kB]
#16 49.20 Get:22 http://archive.ubuntu.com/ubuntu noble-updates/main amd64 dbus-bin amd64 1.14.10-4ubuntu4.1 [39.3 kB]
#16 49.20 Get:23 http://archive.ubuntu.com/ubuntu noble-updates/main amd64 dbus-session-bus-common all 1.14.10-4ubuntu4.1 [80.5 kB]
#16 49.20 Get:24 http://archive.ubuntu.com/ubuntu noble-updates/main amd64 dbus-daemon amd64 1.14.10-4ubuntu4.1 [118 kB]
#16 49.20 Get:25 http://archive.ubuntu.com/ubuntu noble-updates/main amd64 dbus-system-bus-common all 1.14.10-4ubuntu4.1 [81.6 kB]
#16 49.20 Get:26 http://archive.ubuntu.com/ubuntu noble-updates/main amd64 dbus amd64 1.14.10-4ubuntu4.1 [24.3 kB]
#16 49.20 Get:27 http://archive.ubuntu.com/ubuntu noble-updates/main amd64 libpam-systemd amd64 255.4-1ubuntu8.10 [235 kB]
#16 49.21 Get:28 http://archive.ubuntu.com/ubuntu noble-updates/main amd64 dbus-user-session amd64 1.14.10-4ubuntu4.1 [9968 B]
2025-10-03 16:13:50.759Z: #16 49.21 Get:29 http://archive.ubuntu.com/ubuntu noble/main amd64 iso-codes all 4.16.0-1 [3492 kB]
#16 49.23 Get:30 http://archive.ubuntu.com/ubuntu noble/main amd64 libfribidi0 amd64 1.0.13-3build1 [26.1 kB]
#16 49.23 Get:31 http://archive.ubuntu.com/ubuntu noble-updates/main amd64 libglib2.0-0t64 amd64 2.80.0-6ubuntu3.4 [1544 kB]
#16 49.24 Get:32 http://archive.ubuntu.com/ubuntu noble-updates/main amd64 locales all 2.39-0ubuntu8.6 [4229 kB]
#16 49.26 Get:33 http://archive.ubuntu.com/ubuntu noble/main amd64 shared-mime-info amd64 2.4-4 [474 kB]
#16 49.27 Get:34 http://archive.ubuntu.com/ubuntu noble-updates/main amd64 libnl-route-3-200 amd64 3.7.0-0.3build1.1 [189 kB]
#16 49.27 Get:35 http://archive.ubuntu.com/ubuntu noble-updates/main amd64 libibverbs1 amd64 50.0-2ubuntu0.2 [68.0 kB]
#16 49.27 Get:36 http://archive.ubuntu.com/ubuntu noble-updates/main amd64 ibverbs-providers amd64 50.0-2ubuntu0.2 [381 kB]
#16 49.27 Get:37 http://archive.ubuntu.com/ubuntu noble/main amd64 libusb-1.0-0 amd64 2:1.0.27-1 [54.0 kB]
#16 49.27 Get:38 http://archive.ubuntu.com/ubuntu noble/main amd64 libxkbcommon0 amd64 1.6.0-1build1 [122 kB]
#16 49.27 Get:39 http://archive.ubuntu.com/ubuntu noble-updates/main amd64 libgdk-pixbuf2.0-common all 2.42.10+dfsg-3ubuntu3.2 [8192 B]
#16 49.27 Get:40 http://archive.ubuntu.com/ubuntu noble/main amd64 libjpeg-turbo8 amd64 2.1.5-2ubuntu2 [150 kB]
2025-10-03 16:13:50.759Z: #16 49.27 Get:41 http://archive.ubuntu.com/ubuntu noble/main amd64 libjpeg8 amd64 8c-2ubuntu11 [2148 B]
#16 49.28 Get:42 http://archive.ubuntu.com/ubuntu noble-updates/main amd64 libdeflate0 amd64 1.19-1build1.1 [43.9 kB]
#16 49.29 Get:43 http://archive.ubuntu.com/ubuntu noble/main amd64 libjbig0 amd64 2.1-6.1ubuntu2 [29.7 kB]
#16 49.29 Get:44 http://archive.ubuntu.com/ubuntu noble/main amd64 liblerc4 amd64 4.0.0+ds-4ubuntu2 [179 kB]
#16 49.29 Get:45 http://archive.ubuntu.com/ubuntu noble/main amd64 libsharpyuv0 amd64 1.3.2-0.4build3 [15.8 kB]
#16 49.29 Get:46 http://archive.ubuntu.com/ubuntu noble/main amd64 libwebp7 amd64 1.3.2-0.4build3 [230 kB]
#16 49.29 Get:47 http://archive.ubuntu.com/ubuntu noble-updates/main amd64 libtiff6 amd64 4.5.1+git230720-4ubuntu2.4 [199 kB]
#16 49.30 Get:48 http://archive.ubuntu.com/ubuntu noble-updates/main amd64 libgdk-pixbuf-2.0-0 amd64 2.42.10+dfsg-3ubuntu3.2 [147 kB]
#16 49.30 Get:49 http://archive.ubuntu.com/ubuntu noble-updates/main amd64 gtk-update-icon-cache amd64 3.24.41-4ubuntu1.3 [51.9 kB]
#16 49.30 Get:50 http://archive.ubuntu.com/ubuntu noble/main amd64 hicolor-icon-theme all 0.17-2 [9976 B]
#16 49.30 Get:51 http://archive.ubuntu.com/ubuntu noble/main amd64 humanity-icon-theme all 0.6.16 [1282 kB]
#16 49.30 Get:52 http://archive.ubuntu.com/ubuntu noble/main amd64 ubuntu-mono all 24.04-0ubuntu1 [151 kB]
#16 49.31 Get:53 http://archive.ubuntu.com/ubuntu noble/main amd64 adwaita-icon-theme all 46.0-1 [723 kB]
2025-10-03 16:13:50.922Z: #16 49.32 Get:54 http://archive.ubuntu.com/ubuntu noble/main amd64 at-spi2-common all 2.52.0-1build1 [8674 B]
#16 49.32 Get:55 http://archive.ubuntu.com/ubuntu noble-updates/main amd64 libdconf1 amd64 0.40.0-4ubuntu0.1 [39.6 kB]
2025-10-03 16:13:50.923Z: #16 49.32 Get:56 http://archive.ubuntu.com/ubuntu noble-updates/main amd64 dconf-service amd64 0.40.0-4ubuntu0.1 [27.6 kB]
#16 49.32 Get:57 http://archive.ubuntu.com/ubuntu noble-updates/main amd64 dconf-gsettings-backend amd64 0.40.0-4ubuntu0.1 [22.1 kB]
#16 49.32 Get:58 http://archive.ubuntu.com/ubuntu noble/main amd64 fontconfig amd64 2.15.0-1.1ubuntu2 [180 kB]
#16 49.33 Get:59 http://archive.ubuntu.com/ubuntu noble/main amd64 libllvm17t64 amd64 1:17.0.6-9ubuntu1 [26.2 MB]
2025-10-03 16:13:50.958Z: #16 49.51 Get:60 http://archive.ubuntu.com/ubuntu noble/universe amd64 libamd-comgr2 amd64 6.0+git20231212.4510c28+dfsg-3build2 [14.4 MB]
2025-10-03 16:13:51.055Z: #16 49.61 Get:61 http://archive.ubuntu.com/ubuntu noble/universe amd64 libhsakmt1 amd64 5.7.0-1build1 [62.9 kB]
#16 49.61 Get:62 http://archive.ubuntu.com/ubuntu noble/universe amd64 libhsa-runtime64-1 amd64 5.7.1-2build1 [491 kB]
2025-10-03 16:13:51.159Z: #16 49.62 Get:63 http://archive.ubuntu.com/ubuntu noble/universe amd64 libamdhip64-5 amd64 5.7.1-3 [9621 kB]
#16 49.68 Get:64 http://archive.ubuntu.com/ubuntu noble-updates/main amd64 libasound2-data all 1.2.11-1ubuntu0.1 [21.1 kB]
#16 49.68 Get:65 http://archive.ubuntu.com/ubuntu noble-updates/main amd64 libasound2t64 amd64 1.2.11-1ubuntu0.1 [399 kB]
#16 49.68 Get:66 http://archive.ubuntu.com/ubuntu noble/main amd64 libatk1.0-0t64 amd64 2.52.0-1build1 [55.3 kB]
#16 49.68 Get:67 http://archive.ubuntu.com/ubuntu noble/main amd64 libxi6 amd64 2:1.8.1-1build1 [32.4 kB]
#16 49.68 Get:68 http://archive.ubuntu.com/ubuntu noble/main amd64 libatspi2.0-0t64 amd64 2.52.0-1build1 [80.5 kB]
#16 49.68 Get:69 http://archive.ubuntu.com/ubuntu noble/main amd64 libatk-bridge2.0-0t64 amd64 2.52.0-1build1 [66.0 kB]
#16 49.68 Get:70 http://archive.ubuntu.com/ubuntu noble/main amd64 libavahi-common-data amd64 0.8-13ubuntu6 [29.7 kB]
#16 49.68 Get:71 http://archive.ubuntu.com/ubuntu noble/main amd64 libavahi-common3 amd64 0.8-13ubuntu6 [23.3 kB]
#16 49.69 Get:72 http://archive.ubuntu.com/ubuntu noble/main amd64 libavahi-client3 amd64 0.8-13ubuntu6 [26.8 kB]
#16 49.69 Get:73 http://archive.ubuntu.com/ubuntu noble-updates/main amd64 libboost-chrono1.83.0t64 amd64 1.83.0-2.1ubuntu3.1 [244 kB]
2025-10-03 16:13:51.160Z: #16 49.69 Get:74 http://archive.ubuntu.com/ubuntu noble-updates/main amd64 libboost-filesystem1.83.0 amd64 1.83.0-2.1ubuntu3.1 [283 kB]
#16 49.70 Get:75 http://archive.ubuntu.com/ubuntu noble-updates/main amd64 libboost-serialization1.83.0 amd64 1.83.0-2.1ubuntu3.1 [341 kB]
#16 49.71 Get:76 http://archive.ubuntu.com/ubuntu noble-updates/main amd64 libboost-thread1.83.0 amd64 1.83.0-2.1ubuntu3.1 [276 kB]
#16 49.71 Get:77 http://archive.ubuntu.com/ubuntu noble/main amd64 libxcb-render0 amd64 1.15-1ubuntu2 [16.2 kB]
#16 49.71 Get:78 http://archive.ubuntu.com/ubuntu noble/main amd64 libcairo2 amd64 1.18.0-3build1 [566 kB]
#16 49.71 Get:79 http://archive.ubuntu.com/ubuntu noble/main amd64 libcairo-gobject2 amd64 1.18.0-3build1 [127 kB]
2025-10-03 16:13:51.260Z: #16 49.72 Get:80 http://archive.ubuntu.com/ubuntu noble/main amd64 liblcms2-2 amd64 2.14-2build1 [161 kB]
2025-10-03 16:13:51.260Z: #16 49.72 Get:81 http://archive.ubuntu.com/ubuntu noble/main amd64 libcolord2 amd64 1.4.7-1build2 [149 kB]
#16 49.72 Get:82 http://archive.ubuntu.com/ubuntu noble-updates/main amd64 libcups2t64 amd64 2.4.7-1.2ubuntu7.4 [272 kB]
#16 49.72 Get:83 http://archive.ubuntu.com/ubuntu noble/main amd64 libdatrie1 amd64 0.2.13-3build1 [19.0 kB]
#16 49.72 Get:84 http://archive.ubuntu.com/ubuntu noble-updates/main amd64 libdw1t64 amd64 0.190-1.1ubuntu0.1 [261 kB]
#16 49.73 Get:85 http://archive.ubuntu.com/ubuntu noble/main amd64 libepoxy0 amd64 1.5.10-1build1 [220 kB]
#16 49.73 Get:86 http://archive.ubuntu.com/ubuntu noble/main amd64 libogg0 amd64 1.3.5-3build1 [22.7 kB]
#16 49.73 Get:87 http://archive.ubuntu.com/ubuntu noble/main amd64 libflac12t64 amd64 1.4.3+ds-2.1ubuntu2 [197 kB]
#16 49.74 Get:88 http://archive.ubuntu.com/ubuntu noble/main amd64 libgraphite2-3 amd64 1.3.14-2build1 [73.0 kB]
#16 49.74 Get:89 http://archive.ubuntu.com/ubuntu noble-updates/main amd64 libgstreamer1.0-0 amd64 1.24.2-1ubuntu0.1 [1165 kB]
#16 49.75 Get:90 http://archive.ubuntu.com/ubuntu noble-updates/main amd64 liborc-0.4-0t64 amd64 1:0.4.38-1ubuntu0.1 [207 kB]
#16 49.75 Get:91 http://archive.ubuntu.com/ubuntu noble-updates/main amd64 libgstreamer-plugins-base1.0-0 amd64 1.24.2-1ubuntu0.3 [862 kB]
#16 49.76 Get:92 http://archive.ubuntu.com/ubuntu noble/main amd64 libharfbuzz0b amd64 8.3.0-2build2 [469 kB]
#16 49.76 Get:93 http://archive.ubuntu.com/ubuntu noble/main amd64 libthai-data all 0.1.29-2build1 [158 kB]
#16 49.76 Get:94 http://archive.ubuntu.com/ubuntu noble/main amd64 libthai0 amd64 0.1.29-2build1 [18.9 kB]
#16 49.76 Get:95 http://archive.ubuntu.com/ubuntu noble/main amd64 libpango-1.0-0 amd64 1.52.1+ds-1build1 [231 kB]
#16 49.76 Get:96 http://archive.ubuntu.com/ubuntu noble/main amd64 libpangoft2-1.0-0 amd64 1.52.1+ds-1build1 [42.5 kB]
#16 49.76 Get:97 http://archive.ubuntu.com/ubuntu noble/main amd64 libpangocairo-1.0-0 amd64 1.52.1+ds-1build1 [28.8 kB]
#16 49.77 Get:98 http://archive.ubuntu.com/ubuntu noble/main amd64 libwayland-client0 amd64 1.22.0-2.1build1 [26.4 kB]
#16 49.77 Get:99 http://archive.ubuntu.com/ubuntu noble/main amd64 libwayland-cursor0 amd64 1.22.0-2.1build1 [10.4 kB]
#16 49.77 Get:100 http://archive.ubuntu.com/ubuntu noble/main amd64 libwayland-egl1 amd64 1.22.0-2.1build1 [5628 B]
#16 49.78 Get:101 http://archive.ubuntu.com/ubuntu noble/main amd64 libxcomposite1 amd64 1:0.4.5-1build3 [6320 B]
#16 49.80 Get:102 http://archive.ubuntu.com/ubuntu noble/main amd64 libxfixes3 amd64 1:6.0.0-2build1 [10.8 kB]
#16 49.82 Get:103 http://archive.ubuntu.com/ubuntu noble/main amd64 libxcursor1 amd64 1:1.2.1-1build1 [20.7 kB]
2025-10-03 16:13:51.363Z: #16 49.82 Get:104 http://archive.ubuntu.com/ubuntu noble/main amd64 libxdamage1 amd64 1:1.1.6-1build1 [6150 B]
2025-10-03 16:13:51.364Z: #16 49.83 Get:105 http://archive.ubuntu.com/ubuntu noble/main amd64 libxinerama1 amd64 2:1.1.4-3build1 [6396 B]
#16 49.83 Get:106 http://archive.ubuntu.com/ubuntu noble-updates/main amd64 libgtk-3-common all 3.24.41-4ubuntu1.3 [1426 kB]
#16 49.89 Get:107 http://archive.ubuntu.com/ubuntu noble-updates/main amd64 libgtk-3-0t64 amd64 3.24.41-4ubuntu1.3 [2913 kB]
#16 49.92 Get:108 http://archive.ubuntu.com/ubuntu noble/main amd64 libltdl7 amd64 2.4.7-7build1 [40.3 kB]
2025-10-03 16:13:51.593Z: #16 49.92 Get:109 http://archive.ubuntu.com/ubuntu noble/main amd64 libmp3lame0 amd64 3.100-6build1 [142 kB]
#16 49.92 Get:110 http://archive.ubuntu.com/ubuntu noble-updates/main amd64 libmpg123-0t64 amd64 1.32.5-1ubuntu1.1 [169 kB]
#16 49.92 Get:111 http://archive.ubuntu.com/ubuntu noble/main amd64 libopus0 amd64 1.4-1build1 [208 kB]
#16 49.92 Get:112 http://archive.ubuntu.com/ubuntu noble/universe amd64 libpsm2-2 amd64 11.2.185-2build1 [194 kB]
2025-10-03 16:13:51.593Z: #16 49.93 Get:113 http://archive.ubuntu.com/ubuntu noble-updates/main amd64 librdmacm1t64 amd64 50.0-2ubuntu0.2 [70.7 kB]
#16 49.93 Get:114 http://archive.ubuntu.com/ubuntu noble/main amd64 libfdt1 amd64 1.7.0-2build1 [20.1 kB]
#16 49.93 Get:115 http://archive.ubuntu.com/ubuntu noble-updates/main amd64 librte-log24 amd64 23.11.4-0ubuntu0.24.04.1 [19.2 kB]
#16 49.93 Get:116 http://archive.ubuntu.com/ubuntu noble-updates/main amd64 librte-kvargs24 amd64 23.11.4-0ubuntu0.24.04.1 [6354 B]
#16 49.93 Get:117 http://archive.ubuntu.com/ubuntu noble-updates/main amd64 librte-telemetry24 amd64 23.11.4-0ubuntu0.24.04.1 [15.9 kB]
#16 49.93 Get:118 http://archive.ubuntu.com/ubuntu noble-updates/main amd64 librte-eal24 amd64 23.11.4-0ubuntu0.24.04.1 [151 kB]
#16 49.95 Get:119 http://archive.ubuntu.com/ubuntu noble-updates/main amd64 librte-ring24 amd64 23.11.4-0ubuntu0.24.04.1 [7958 B]
#16 49.95 Get:120 http://archive.ubuntu.com/ubuntu noble-updates/main amd64 librte-mempool24 amd64 23.11.4-0ubuntu0.24.04.1 [19.4 kB]
#16 49.95 Get:121 http://archive.ubuntu.com/ubuntu noble-updates/main amd64 librte-mbuf24 amd64 23.11.4-0ubuntu0.24.04.1 [25.7 kB]
#16 49.95 Get:122 http://archive.ubuntu.com/ubuntu noble-updates/main amd64 librte-meter24 amd64 23.11.4-0ubuntu0.24.04.1 [6464 B]
#16 49.95 Get:123 http://archive.ubuntu.com/ubuntu noble-updates/main amd64 librte-net24 amd64 23.11.4-0ubuntu0.24.04.1 [13.0 kB]
#16 49.95 Get:124 http://archive.ubuntu.com/ubuntu noble-updates/main amd64 librte-ethdev24 amd64 23.11.4-0ubuntu0.24.04.1 [129 kB]
#16 49.95 Get:125 http://archive.ubuntu.com/ubuntu noble-updates/main amd64 librte-rcu24 amd64 23.11.4-0ubuntu0.24.04.1 [11.1 kB]
#16 49.95 Get:126 http://archive.ubuntu.com/ubuntu noble-updates/main amd64 librte-hash24 amd64 23.11.4-0ubuntu0.24.04.1 [36.8 kB]
#16 49.96 Get:127 http://archive.ubuntu.com/ubuntu noble/main amd64 libvorbis0a amd64 1.3.7-1build3 [97.6 kB]
#16 49.96 Get:128 http://archive.ubuntu.com/ubuntu noble/main amd64 libvorbisenc2 amd64 1.3.7-1build3 [80.8 kB]
#16 49.97 Get:129 http://archive.ubuntu.com/ubuntu noble-updates/main amd64 libsndfile1 amd64 1.2.2-1ubuntu5.24.04.1 [209 kB]
#16 49.97 Get:130 http://archive.ubuntu.com/ubuntu noble/universe amd64 libucx0 amd64 1.16.0+ds-5ubuntu1 [1140 kB]
#16 49.98 Get:131 http://archive.ubuntu.com/ubuntu noble-updates/universe amd64 libuhd4.6.0-dpdk amd64 4.6.0.0+ds1-5.1ubuntu0.24.04.1 [3464 kB]
#16 50.00 Get:132 http://archive.ubuntu.com/ubuntu noble/main amd64 libxtst6 amd64 2:1.2.3-1.1build1 [12.6 kB]
#16 50.00 Get:133 http://archive.ubuntu.com/ubuntu noble-updates/universe amd64 locales-all amd64 2.39-0ubuntu8.6 [10.9 MB]
2025-10-03 16:13:56.619Z: #16 55.17 Preconfiguring packages ...
2025-10-03 16:13:56.755Z: #16 55.31 Fetched 108 MB in 1s (96.2 MB/s)
2025-10-03 16:13:56.994Z: #16 55.33 (Reading database ... 
(Reading database ... 5%
(Reading database ... 10%
(Reading database ... 15%
(Reading database ... 20%
(Reading database ... 25%
(Reading database ... 30%
(Reading database ... 35%
(Reading database ... 40%
(Reading database ... 45%
(Reading database ... 50%
(Reading database ... 55%
(Reading database ... 60%
(Reading database ... 65%
(Reading database ... 70%
(Reading database ... 75%
(Reading database ... 80%
(Reading database ... 85%
(Reading database ... 90%
(Reading database ... 95%
(Reading database ... 100%
(Reading database ... 27679 files and directories currently installed.)

2025-10-03 16:13:56.994Z: #16 55.39 Preparing to unpack .../libc6-dev_2.39-0ubuntu8.6_amd64.deb ...

#16 55.40 Unpacking libc6-dev:amd64 (2.39-0ubuntu8.6) over (2.39-0ubuntu8.4) ...

2025-10-03 16:13:59.923Z: #16 58.48 Preparing to unpack .../libc-dev-bin_2.39-0ubuntu8.6_amd64.deb ...

2025-10-03 16:14:00.090Z: #16 58.49 Unpacking libc-dev-bin (2.39-0ubuntu8.6) over (2.39-0ubuntu8.4) ...

#16 58.54 Preparing to unpack .../libc6_2.39-0ubuntu8.6_amd64.deb ...

#16 58.65 Unpacking libc6:amd64 (2.39-0ubuntu8.6) over (2.39-0ubuntu8.4) ...

2025-10-03 16:14:01.218Z: #16 59.77 Setting up libc6:amd64 (2.39-0ubuntu8.6) ...

2025-10-03 16:14:02.338Z: #16 60.89 (Reading database ... 
2025-10-03 16:14:02.512Z: (Reading database ... 5%
(Reading database ... 10%
(Reading database ... 15%
(Reading database ... 20%
(Reading database ... 25%
(Reading database ... 30%
(Reading database ... 35%
(Reading database ... 40%
(Reading database ... 45%
(Reading database ... 50%
(Reading database ... 55%
(Reading database ... 60%
(Reading database ... 65%
(Reading database ... 70%
(Reading database ... 75%
(Reading database ... 80%
(Reading database ... 85%
(Reading database ... 90%
(Reading database ... 95%
(Reading database ... 100%
(Reading database ... 27679 files and directories currently installed.)

#16 60.91 Preparing to unpack .../libc-bin_2.39-0ubuntu8.6_amd64.deb ...

#16 60.92 Unpacking libc-bin (2.39-0ubuntu8.6) over (2.39-0ubuntu8.4) ...

2025-10-03 16:14:02.553Z: #16 61.11 Setting up libc-bin (2.39-0ubuntu8.6) ...

2025-10-03 16:14:02.700Z: #16 61.17 (Reading database ... 
(Reading database ... 5%
(Reading database ... 10%
(Reading database ... 15%
(Reading database ... 20%
(Reading database ... 25%
(Reading database ... 30%
(Reading database ... 35%
(Reading database ... 40%
(Reading database ... 45%
(Reading database ... 50%
(Reading database ... 55%
(Reading database ... 60%
(Reading database ... 65%
(Reading database ... 70%
(Reading database ... 75%
(Reading database ... 80%
(Reading database ... 85%
(Reading database ... 90%
(Reading database ... 95%
(Reading database ... 100%
(Reading database ... 27679 files and directories currently installed.)

#16 61.19 Preparing to unpack .../libpam0g_1.5.3-5ubuntu5.5_amd64.deb ...
2025-10-03 16:14:02.700Z: 
#16 61.20 Unpacking libpam0g:amd64 (1.5.3-5ubuntu5.5) over (1.5.3-5ubuntu5.4) ...

#16 61.26 Setting up libpam0g:amd64 (1.5.3-5ubuntu5.5) ...

2025-10-03 16:14:02.819Z: #16 61.37 (Reading database ... 
2025-10-03 16:14:02.944Z: (Reading database ... 5%
(Reading database ... 10%
(Reading database ... 15%
(Reading database ... 20%
(Reading database ... 25%
(Reading database ... 30%
(Reading database ... 35%
(Reading database ... 40%
(Reading database ... 45%
(Reading database ... 50%
(Reading database ... 55%
(Reading database ... 60%
(Reading database ... 65%
(Reading database ... 70%
(Reading database ... 75%
(Reading database ... 80%
(Reading database ... 85%
(Reading database ... 90%
(Reading database ... 95%
(Reading database ... 100%
(Reading database ... 27679 files and directories currently installed.)

#16 61.39 Preparing to unpack .../libsystemd0_255.4-1ubuntu8.10_amd64.deb ...

#16 61.40 Unpacking libsystemd0:amd64 (255.4-1ubuntu8.10) over (255.4-1ubuntu8.8) ...

#16 61.47 Setting up libsystemd0:amd64 (255.4-1ubuntu8.10) ...

#16 61.50 (Reading database ... 
2025-10-03 16:14:03.060Z: (Reading database ... 5%
(Reading database ... 10%
(Reading database ... 15%
(Reading database ... 20%
(Reading database ... 25%
(Reading database ... 30%
(Reading database ... 35%
(Reading database ... 40%
(Reading database ... 45%
(Reading database ... 50%
(Reading database ... 55%
(Reading database ... 60%
(Reading database ... 65%
(Reading database ... 70%
(Reading database ... 75%
(Reading database ... 80%
(Reading database ... 85%
(Reading database ... 90%
(Reading database ... 95%
(Reading database ... 100%
(Reading database ... 27679 files and directories currently installed.)

#16 61.52 Preparing to unpack .../libpam-modules-bin_1.5.3-5ubuntu5.5_amd64.deb ...

#16 61.52 Unpacking libpam-modules-bin (1.5.3-5ubuntu5.5) over (1.5.3-5ubuntu5.4) ...

#16 61.62 Setting up libpam-modules-bin (1.5.3-5ubuntu5.5) ...

2025-10-03 16:14:03.193Z: #16 61.66 (Reading database ... 
(Reading database ... 5%
(Reading database ... 10%
(Reading database ... 15%
(Reading database ... 20%
(Reading database ... 25%
(Reading database ... 30%
(Reading database ... 35%
(Reading database ... 40%
(Reading database ... 45%
(Reading database ... 50%
(Reading database ... 55%
(Reading database ... 60%
(Reading database ... 65%
(Reading database ... 70%
(Reading database ... 75%
(Reading database ... 80%
(Reading database ... 85%
(Reading database ... 90%
(Reading database ... 95%
(Reading database ... 100%
(Reading database ... 27679 files and directories currently installed.)

#16 61.67 Preparing to unpack .../libpam-modules_1.5.3-5ubuntu5.5_amd64.deb ...

#16 61.75 Unpacking libpam-modules:amd64 (1.5.3-5ubuntu5.5) over (1.5.3-5ubuntu5.4) ...

2025-10-03 16:14:03.346Z: #16 61.90 Setting up libpam-modules:amd64 (1.5.3-5ubuntu5.5) ...

2025-10-03 16:14:03.447Z: #16 61.99 Selecting previously unselected package libargon2-1:amd64.

2025-10-03 16:14:03.447Z: #16 61.99 (Reading database ... 
(Reading database ... 5%
(Reading database ... 10%
(Reading database ... 15%
(Reading database ... 20%
(Reading database ... 25%
(Reading database ... 30%
(Reading database ... 35%
(Reading database ... 40%
(Reading database ... 45%
(Reading database ... 50%
(Reading database ... 55%
(Reading database ... 60%
(Reading database ... 65%
(Reading database ... 70%
(Reading database ... 75%
(Reading database ... 80%
(Reading database ... 85%
(Reading database ... 90%
(Reading database ... 95%
(Reading database ... 100%
(Reading database ... 27679 files and directories currently installed.)

2025-10-03 16:14:03.565Z: #16 62.00 Preparing to unpack .../libargon2-1_0~20190702+dfsg-4build1_amd64.deb ...

#16 62.01 Unpacking libargon2-1:amd64 (0~20190702+dfsg-4build1) ...

#16 62.03 Preparing to unpack .../libudev1_255.4-1ubuntu8.10_amd64.deb ...

#16 62.04 Unpacking libudev1:amd64 (255.4-1ubuntu8.10) over (255.4-1ubuntu8.8) ...

#16 62.09 Setting up libudev1:amd64 (255.4-1ubuntu8.10) ...

#16 62.12 Selecting previously unselected package libdevmapper1.02.1:amd64.

#16 62.12 (Reading database ... 
2025-10-03 16:14:03.672Z: (Reading database ... 5%
(Reading database ... 10%
(Reading database ... 15%
(Reading database ... 20%
(Reading database ... 25%
(Reading database ... 30%
(Reading database ... 35%
(Reading database ... 40%
(Reading database ... 45%
(Reading database ... 50%
(Reading database ... 55%
(Reading database ... 60%
(Reading database ... 65%
(Reading database ... 70%
(Reading database ... 75%
(Reading database ... 80%
(Reading database ... 85%
(Reading database ... 90%
(Reading database ... 95%
(Reading database ... 100%
(Reading database ... 27683 files and directories currently installed.)

#16 62.14 Preparing to unpack .../0-libdevmapper1.02.1_2%3a1.02.185-3ubuntu3.2_amd64.deb ...

#16 62.14 Unpacking libdevmapper1.02.1:amd64 (2:1.02.185-3ubuntu3.2) ...

#16 62.16 Selecting previously unselected package libjson-c5:amd64.

#16 62.17 Preparing to unpack .../1-libjson-c5_0.17-1build1_amd64.deb ...

#16 62.17 Unpacking libjson-c5:amd64 (0.17-1build1) ...

#16 62.19 Selecting previously unselected package libcryptsetup12:amd64.

#16 62.20 Preparing to unpack .../2-libcryptsetup12_2%3a2.7.0-1ubuntu4.2_amd64.deb ...

#16 62.20 Unpacking libcryptsetup12:amd64 (2:2.7.0-1ubuntu4.2) ...

#16 62.23 Selecting previously unselected package libfdisk1:amd64.

2025-10-03 16:14:03.776Z: #16 62.23 Preparing to unpack .../3-libfdisk1_2.39.3-9ubuntu6.3_amd64.deb ...

#16 62.23 Unpacking libfdisk1:amd64 (2.39.3-9ubuntu6.3) ...

#16 62.32 Selecting previously unselected package libkmod2:amd64.

#16 62.33 Preparing to unpack .../4-libkmod2_31+20240202-2ubuntu7.1_amd64.deb ...

#16 62.33 Unpacking libkmod2:amd64 (31+20240202-2ubuntu7.1) ...

2025-10-03 16:14:03.894Z: #16 62.36 Selecting previously unselected package libsystemd-shared:amd64.

#16 62.36 Preparing to unpack .../5-libsystemd-shared_255.4-1ubuntu8.10_amd64.deb ...

#16 62.36 Unpacking libsystemd-shared:amd64 (255.4-1ubuntu8.10) ...

#16 62.41 Selecting previously unselected package systemd-dev.

#16 62.41 Preparing to unpack .../6-systemd-dev_255.4-1ubuntu8.10_all.deb ...

#16 62.41 Unpacking systemd-dev (255.4-1ubuntu8.10) ...

#16 62.45 Selecting previously unselected package systemd.

2025-10-03 16:14:04.058Z: #16 62.45 Preparing to unpack .../7-systemd_255.4-1ubuntu8.10_amd64.deb ...

#16 62.46 Unpacking systemd (255.4-1ubuntu8.10) ...

2025-10-03 16:14:04.210Z: #16 62.77 Setting up libargon2-1:amd64 (0~20190702+dfsg-4build1) ...

2025-10-03 16:14:04.326Z: #16 62.77 Setting up libdevmapper1.02.1:amd64 (2:1.02.185-3ubuntu3.2) ...

#16 62.78 Setting up libjson-c5:amd64 (0.17-1build1) ...

#16 62.78 Setting up libcryptsetup12:amd64 (2:2.7.0-1ubuntu4.2) ...

#16 62.79 Setting up libfdisk1:amd64 (2.39.3-9ubuntu6.3) ...

#16 62.80 Setting up libkmod2:amd64 (31+20240202-2ubuntu7.1) ...
2025-10-03 16:14:04.326Z: 
#16 62.80 Setting up libsystemd-shared:amd64 (255.4-1ubuntu8.10) ...

#16 62.81 Setting up systemd-dev (255.4-1ubuntu8.10) ...

#16 62.82 Setting up systemd (255.4-1ubuntu8.10) ...

#16 62.84 Created symlink /etc/systemd/system/getty.target.wants/getty@tty1.service → /usr/lib/systemd/system/getty@.service.


#16 62.85 Created symlink /etc/systemd/system/multi-user.target.wants/remote-fs.target → /usr/lib/systemd/system/remote-fs.target.


#16 62.85 Created symlink /etc/systemd/system/sysinit.target.wants/systemd-pstore.service → /usr/lib/systemd/system/systemd-pstore.service.


#16 62.86 Initializing machine ID from random generator.


#16 62.88 /usr/lib/tmpfiles.d/systemd-network.conf:10: Failed to resolve user 'systemd-network': No such process


#16 62.88 /usr/lib/tmpfiles.d/systemd-network.conf:11: Failed to resolve user 'systemd-network': No such process


2025-10-03 16:14:04.570Z: #16 62.88 /usr/lib/tmpfiles.d/systemd-network.conf:12: Failed to resolve user 'systemd-network': No such process


2025-10-03 16:14:04.570Z: #16 62.88 /usr/lib/tmpfiles.d/systemd-network.conf:13: Failed to resolve user 'systemd-network': No such process


#16 62.88 /usr/lib/tmpfiles.d/systemd.conf:22: Failed to resolve group 'systemd-journal': No such process


#16 62.88 /usr/lib/tmpfiles.d/systemd.conf:23: Failed to resolve group 'systemd-journal': No such process


#16 62.88 /usr/lib/tmpfiles.d/systemd.conf:28: Failed to resolve group 'systemd-journal': No such process


#16 62.88 /usr/lib/tmpfiles.d/systemd.conf:29: Failed to resolve group 'systemd-journal': No such process


#16 62.88 /usr/lib/tmpfiles.d/systemd.conf:30: Failed to resolve group 'systemd-journal': No such process


#16 62.90 Creating group 'systemd-journal' with GID 997.


#16 62.90 Creating group 'systemd-network' with GID 996.


#16 62.90 Creating user 'systemd-network' (systemd Network Management) with UID 996 and GID 996.


#16 62.96 Selecting previously unselected package systemd-sysv.

#16 62.96 (Reading database ... 
(Reading database ... 5%
(Reading database ... 10%
(Reading database ... 15%
(Reading database ... 20%
(Reading database ... 25%
(Reading database ... 30%
(Reading database ... 35%
(Reading database ... 40%
(Reading database ... 45%
(Reading database ... 50%
(Reading database ... 55%
(Reading database ... 60%
(Reading database ... 65%
(Reading database ... 70%
(Reading database ... 75%
(Reading database ... 80%
(Reading database ... 85%
(Reading database ... 90%
(Reading database ... 95%
(Reading database ... 100%
(Reading database ... 28699 files and directories currently installed.)

#16 62.97 Preparing to unpack .../systemd-sysv_255.4-1ubuntu8.10_amd64.deb ...

#16 62.97 Unpacking systemd-sysv (255.4-1ubuntu8.10) ...

2025-10-03 16:14:04.789Z: #16 63.34 Preparing to unpack .../libpam-runtime_1.5.3-5ubuntu5.5_all.deb ...

2025-10-03 16:14:04.933Z: #16 63.40 Unpacking libpam-runtime (1.5.3-5ubuntu5.5) over (1.5.3-5ubuntu5.4) ...

#16 63.49 Setting up libpam-runtime (1.5.3-5ubuntu5.5) ...

2025-10-03 16:14:05.091Z: #16 63.65 Selecting previously unselected package libdbus-1-3:amd64.

#16 63.65 (Reading database ... 
2025-10-03 16:14:05.194Z: (Reading database ... 5%
(Reading database ... 10%
(Reading database ... 15%
(Reading database ... 20%
(Reading database ... 25%
(Reading database ... 30%
(Reading database ... 35%
(Reading database ... 40%
(Reading database ... 45%
(Reading database ... 50%
(Reading database ... 55%
(Reading database ... 60%
(Reading database ... 65%
(Reading database ... 70%
(Reading database ... 75%
(Reading database ... 80%
(Reading database ... 85%
(Reading database ... 90%
(Reading database ... 95%
(Reading database ... 100%
(Reading database ... 28717 files and directories currently installed.)
2025-10-03 16:14:05.195Z: 
#16 63.66 Preparing to unpack .../000-libdbus-1-3_1.14.10-4ubuntu4.1_amd64.deb ...

#16 63.67 Unpacking libdbus-1-3:amd64 (1.14.10-4ubuntu4.1) ...

#16 63.69 Selecting previously unselected package dbus-bin.

#16 63.69 Preparing to unpack .../001-dbus-bin_1.14.10-4ubuntu4.1_amd64.deb ...

#16 63.72 Unpacking dbus-bin (1.14.10-4ubuntu4.1) ...

#16 63.75 Selecting previously unselected package dbus-session-bus-common.

2025-10-03 16:14:05.305Z: #16 63.75 Preparing to unpack .../002-dbus-session-bus-common_1.14.10-4ubuntu4.1_all.deb ...

#16 63.76 Unpacking dbus-session-bus-common (1.14.10-4ubuntu4.1) ...

#16 63.79 Selecting previously unselected package dbus-daemon.

#16 63.80 Preparing to unpack .../003-dbus-daemon_1.14.10-4ubuntu4.1_amd64.deb ...

#16 63.80 Unpacking dbus-daemon (1.14.10-4ubuntu4.1) ...

#16 63.83 Selecting previously unselected package dbus-system-bus-common.

#16 63.83 Preparing to unpack .../004-dbus-system-bus-common_1.14.10-4ubuntu4.1_all.deb ...

#16 63.83 Unpacking dbus-system-bus-common (1.14.10-4ubuntu4.1) ...

#16 63.86 Selecting previously unselected package dbus.

2025-10-03 16:14:05.411Z: #16 63.86 Preparing to unpack .../005-dbus_1.14.10-4ubuntu4.1_amd64.deb ...

#16 63.87 Unpacking dbus (1.14.10-4ubuntu4.1) ...

#16 63.90 Selecting previously unselected package libpam-systemd:amd64.

#16 63.90 Preparing to unpack .../006-libpam-systemd_255.4-1ubuntu8.10_amd64.deb ...

#16 63.91 Unpacking libpam-systemd:amd64 (255.4-1ubuntu8.10) ...

#16 63.93 Selecting previously unselected package dbus-user-session.

#16 63.94 Preparing to unpack .../007-dbus-user-session_1.14.10-4ubuntu4.1_amd64.deb ...

#16 63.94 Unpacking dbus-user-session (1.14.10-4ubuntu4.1) ...

#16 63.97 Selecting previously unselected package iso-codes.

2025-10-03 16:14:05.566Z: #16 63.97 Preparing to unpack .../008-iso-codes_4.16.0-1_all.deb ...

#16 63.97 Unpacking iso-codes (4.16.0-1) ...

2025-10-03 16:14:05.806Z: #16 64.36 Selecting previously unselected package libfribidi0:amd64.

2025-10-03 16:14:05.911Z: #16 64.36 Preparing to unpack .../009-libfribidi0_1.0.13-3build1_amd64.deb ...

#16 64.37 Unpacking libfribidi0:amd64 (1.0.13-3build1) ...

#16 64.47 Selecting previously unselected package libglib2.0-0t64:amd64.

2025-10-03 16:14:06.140Z: #16 64.47 Preparing to unpack .../010-libglib2.0-0t64_2.80.0-6ubuntu3.4_amd64.deb ...

#16 64.48 Unpacking libglib2.0-0t64:amd64 (2.80.0-6ubuntu3.4) ...

#16 64.54 Preparing to unpack .../011-locales_2.39-0ubuntu8.6_all.deb ...

#16 64.54 Unpacking locales (2.39-0ubuntu8.6) over (2.39-0ubuntu8.4) ...

2025-10-03 16:14:09.395Z: #16 67.95 Selecting previously unselected package shared-mime-info.

2025-10-03 16:14:09.527Z: #16 67.95 Preparing to unpack .../012-shared-mime-info_2.4-4_amd64.deb ...
2025-10-03 16:14:09.528Z: 
#16 67.96 Unpacking shared-mime-info (2.4-4) ...

#16 68.01 Selecting previously unselected package libnl-route-3-200:amd64.

#16 68.02 Preparing to unpack .../013-libnl-route-3-200_3.7.0-0.3build1.1_amd64.deb ...

#16 68.02 Unpacking libnl-route-3-200:amd64 (3.7.0-0.3build1.1) ...

#16 68.05 Selecting previously unselected package libibverbs1:amd64.

#16 68.05 Preparing to unpack .../014-libibverbs1_50.0-2ubuntu0.2_amd64.deb ...

#16 68.05 Unpacking libibverbs1:amd64 (50.0-2ubuntu0.2) ...

#16 68.08 Selecting previously unselected package ibverbs-providers:amd64.

2025-10-03 16:14:09.733Z: #16 68.09 Preparing to unpack .../015-ibverbs-providers_50.0-2ubuntu0.2_amd64.deb ...

#16 68.10 Unpacking ibverbs-providers:amd64 (50.0-2ubuntu0.2) ...

#16 68.14 Selecting previously unselected package libusb-1.0-0:amd64.

#16 68.14 Preparing to unpack .../016-libusb-1.0-0_2%3a1.0.27-1_amd64.deb ...

2025-10-03 16:14:10.266Z: #16 68.82 Unpacking libusb-1.0-0:amd64 (2:1.0.27-1) ...

2025-10-03 16:14:10.376Z: #16 68.85 Selecting previously unselected package libxkbcommon0:amd64.

#16 68.85 Preparing to unpack .../017-libxkbcommon0_1.6.0-1build1_amd64.deb ...

#16 68.85 Unpacking libxkbcommon0:amd64 (1.6.0-1build1) ...

#16 68.87 Selecting previously unselected package libgdk-pixbuf2.0-common.

#16 68.88 Preparing to unpack .../018-libgdk-pixbuf2.0-common_2.42.10+dfsg-3ubuntu3.2_all.deb ...

#16 68.88 Unpacking libgdk-pixbuf2.0-common (2.42.10+dfsg-3ubuntu3.2) ...

#16 68.90 Selecting previously unselected package libjpeg-turbo8:amd64.

#16 68.91 Preparing to unpack .../019-libjpeg-turbo8_2.1.5-2ubuntu2_amd64.deb ...

#16 68.91 Unpacking libjpeg-turbo8:amd64 (2.1.5-2ubuntu2) ...

#16 68.93 Selecting previously unselected package libjpeg8:amd64.

2025-10-03 16:14:10.496Z: #16 68.93 Preparing to unpack .../020-libjpeg8_8c-2ubuntu11_amd64.deb ...

#16 68.94 Unpacking libjpeg8:amd64 (8c-2ubuntu11) ...

#16 68.96 Selecting previously unselected package libdeflate0:amd64.

#16 68.96 Preparing to unpack .../021-libdeflate0_1.19-1build1.1_amd64.deb ...

#16 68.96 Unpacking libdeflate0:amd64 (1.19-1build1.1) ...

#16 68.99 Selecting previously unselected package libjbig0:amd64.

#16 68.99 Preparing to unpack .../022-libjbig0_2.1-6.1ubuntu2_amd64.deb ...

#16 68.99 Unpacking libjbig0:amd64 (2.1-6.1ubuntu2) ...
2025-10-03 16:14:10.496Z: 
#16 69.02 Selecting previously unselected package liblerc4:amd64.

#16 69.02 Preparing to unpack .../023-liblerc4_4.0.0+ds-4ubuntu2_amd64.deb ...

#16 69.02 Unpacking liblerc4:amd64 (4.0.0+ds-4ubuntu2) ...

#16 69.05 Selecting previously unselected package libsharpyuv0:amd64.

2025-10-03 16:14:10.644Z: #16 69.05 Preparing to unpack .../024-libsharpyuv0_1.3.2-0.4build3_amd64.deb ...

#16 69.06 Unpacking libsharpyuv0:amd64 (1.3.2-0.4build3) ...

#16 69.08 Selecting previously unselected package libwebp7:amd64.

#16 69.08 Preparing to unpack .../025-libwebp7_1.3.2-0.4build3_amd64.deb ...

#16 69.08 Unpacking libwebp7:amd64 (1.3.2-0.4build3) ...

#16 69.11 Selecting previously unselected package libtiff6:amd64.

#16 69.11 Preparing to unpack .../026-libtiff6_4.5.1+git230720-4ubuntu2.4_amd64.deb ...

#16 69.12 Unpacking libtiff6:amd64 (4.5.1+git230720-4ubuntu2.4) ...

#16 69.20 Selecting previously unselected package libgdk-pixbuf-2.0-0:amd64.

2025-10-03 16:14:10.822Z: #16 69.20 Preparing to unpack .../027-libgdk-pixbuf-2.0-0_2.42.10+dfsg-3ubuntu3.2_amd64.deb ...

#16 69.21 Unpacking libgdk-pixbuf-2.0-0:amd64 (2.42.10+dfsg-3ubuntu3.2) ...

#16 69.24 Selecting previously unselected package gtk-update-icon-cache.

#16 69.24 Preparing to unpack .../028-gtk-update-icon-cache_3.24.41-4ubuntu1.3_amd64.deb ...

#16 69.24 Unpacking gtk-update-icon-cache (3.24.41-4ubuntu1.3) ...

#16 69.27 Selecting previously unselected package hicolor-icon-theme.

#16 69.27 Preparing to unpack .../029-hicolor-icon-theme_0.17-2_all.deb ...

#16 69.27 Unpacking hicolor-icon-theme (0.17-2) ...

#16 69.38 Selecting previously unselected package humanity-icon-theme.

2025-10-03 16:14:10.978Z: #16 69.38 Preparing to unpack .../030-humanity-icon-theme_0.6.16_all.deb ...
2025-10-03 16:14:10.979Z: 
#16 69.38 Unpacking humanity-icon-theme (0.6.16) ...

2025-10-03 16:14:11.984Z: #16 70.54 Selecting previously unselected package ubuntu-mono.

2025-10-03 16:14:12.142Z: #16 70.54 Preparing to unpack .../031-ubuntu-mono_24.04-0ubuntu1_all.deb ...

#16 70.55 Unpacking ubuntu-mono (24.04-0ubuntu1) ...

2025-10-03 16:14:12.568Z: #16 71.12 Selecting previously unselected package adwaita-icon-theme.

2025-10-03 16:14:12.725Z: #16 71.13 Preparing to unpack .../032-adwaita-icon-theme_46.0-1_all.deb ...

#16 71.13 Unpacking adwaita-icon-theme (46.0-1) ...

2025-10-03 16:14:12.769Z: #16 71.32 Selecting previously unselected package at-spi2-common.

2025-10-03 16:14:12.880Z: #16 71.33 Preparing to unpack .../033-at-spi2-common_2.52.0-1build1_all.deb ...

#16 71.33 Unpacking at-spi2-common (2.52.0-1build1) ...

#16 71.40 Selecting previously unselected package libdconf1:amd64.

#16 71.40 Preparing to unpack .../034-libdconf1_0.40.0-4ubuntu0.1_amd64.deb ...

#16 71.41 Unpacking libdconf1:amd64 (0.40.0-4ubuntu0.1) ...

#16 71.44 Selecting previously unselected package dconf-service.

2025-10-03 16:14:12.982Z: #16 71.44 Preparing to unpack .../035-dconf-service_0.40.0-4ubuntu0.1_amd64.deb ...

#16 71.44 Unpacking dconf-service (0.40.0-4ubuntu0.1) ...

#16 71.50 Selecting previously unselected package dconf-gsettings-backend:amd64.

#16 71.50 Preparing to unpack .../036-dconf-gsettings-backend_0.40.0-4ubuntu0.1_amd64.deb ...

#16 71.51 Unpacking dconf-gsettings-backend:amd64 (0.40.0-4ubuntu0.1) ...

#16 71.53 Selecting previously unselected package fontconfig.

#16 71.54 Preparing to unpack .../037-fontconfig_2.15.0-1.1ubuntu2_amd64.deb ...

2025-10-03 16:14:13.175Z: #16 71.54 Unpacking fontconfig (2.15.0-1.1ubuntu2) ...

#16 71.57 Selecting previously unselected package libllvm17t64:amd64.

#16 71.58 Preparing to unpack .../038-libllvm17t64_1%3a17.0.6-9ubuntu1_amd64.deb ...

#16 71.58 Unpacking libllvm17t64:amd64 (1:17.0.6-9ubuntu1) ...

2025-10-03 16:14:13.493Z: #16 72.05 Selecting previously unselected package libamd-comgr2:amd64.

2025-10-03 16:14:13.650Z: #16 72.05 Preparing to unpack .../039-libamd-comgr2_6.0+git20231212.4510c28+dfsg-3build2_amd64.deb ...

#16 72.05 Unpacking libamd-comgr2:amd64 (6.0+git20231212.4510c28+dfsg-3build2) ...

2025-10-03 16:14:13.735Z: #16 72.29 Selecting previously unselected package libhsakmt1:amd64.

2025-10-03 16:14:13.938Z: #16 72.29 Preparing to unpack .../040-libhsakmt1_5.7.0-1build1_amd64.deb ...

#16 72.30 Unpacking libhsakmt1:amd64 (5.7.0-1build1) ...

#16 72.32 Selecting previously unselected package libhsa-runtime64-1.

#16 72.32 Preparing to unpack .../041-libhsa-runtime64-1_5.7.1-2build1_amd64.deb ...

#16 72.33 Unpacking libhsa-runtime64-1 (5.7.1-2build1) ...

#16 72.38 Selecting previously unselected package libamdhip64-5.

#16 72.38 Preparing to unpack .../042-libamdhip64-5_5.7.1-3_amd64.deb ...

#16 72.39 Unpacking libamdhip64-5 (5.7.1-3) ...

#16 72.49 Selecting previously unselected package libasound2-data.

2025-10-03 16:14:14.049Z: #16 72.50 Preparing to unpack .../043-libasound2-data_1.2.11-1ubuntu0.1_all.deb ...
2025-10-03 16:14:14.049Z: 
#16 72.50 Unpacking libasound2-data (1.2.11-1ubuntu0.1) ...

#16 72.54 Selecting previously unselected package libasound2t64:amd64.

#16 72.54 Preparing to unpack .../044-libasound2t64_1.2.11-1ubuntu0.1_amd64.deb ...

#16 72.54 Unpacking libasound2t64:amd64 (1.2.11-1ubuntu0.1) ...

#16 72.57 Selecting previously unselected package libatk1.0-0t64:amd64.

#16 72.58 Preparing to unpack .../045-libatk1.0-0t64_2.52.0-1build1_amd64.deb ...

#16 72.58 Unpacking libatk1.0-0t64:amd64 (2.52.0-1build1) ...

#16 72.60 Selecting previously unselected package libxi6:amd64.

2025-10-03 16:14:14.189Z: #16 72.61 Preparing to unpack .../046-libxi6_2%3a1.8.1-1build1_amd64.deb ...

#16 72.61 Unpacking libxi6:amd64 (2:1.8.1-1build1) ...

#16 72.63 Selecting previously unselected package libatspi2.0-0t64:amd64.

#16 72.64 Preparing to unpack .../047-libatspi2.0-0t64_2.52.0-1build1_amd64.deb ...

#16 72.64 Unpacking libatspi2.0-0t64:amd64 (2.52.0-1build1) ...

#16 72.66 Selecting previously unselected package libatk-bridge2.0-0t64:amd64.

#16 72.67 Preparing to unpack .../048-libatk-bridge2.0-0t64_2.52.0-1build1_amd64.deb ...

#16 72.67 Unpacking libatk-bridge2.0-0t64:amd64 (2.52.0-1build1) ...

#16 72.74 Selecting previously unselected package libavahi-common-data:amd64.

2025-10-03 16:14:14.295Z: #16 72.75 Preparing to unpack .../049-libavahi-common-data_0.8-13ubuntu6_amd64.deb ...

#16 72.76 Unpacking libavahi-common-data:amd64 (0.8-13ubuntu6) ...

#16 72.79 Selecting previously unselected package libavahi-common3:amd64.

#16 72.80 Preparing to unpack .../050-libavahi-common3_0.8-13ubuntu6_amd64.deb ...

#16 72.80 Unpacking libavahi-common3:amd64 (0.8-13ubuntu6) ...

#16 72.82 Selecting previously unselected package libavahi-client3:amd64.

#16 72.83 Preparing to unpack .../051-libavahi-client3_0.8-13ubuntu6_amd64.deb ...

#16 72.83 Unpacking libavahi-client3:amd64 (0.8-13ubuntu6) ...

#16 72.85 Selecting previously unselected package libboost-chrono1.83.0t64:amd64.
2025-10-03 16:14:14.296Z: 
2025-10-03 16:14:14.409Z: #16 72.85 Preparing to unpack .../052-libboost-chrono1.83.0t64_1.83.0-2.1ubuntu3.1_amd64.deb ...

#16 72.86 Unpacking libboost-chrono1.83.0t64:amd64 (1.83.0-2.1ubuntu3.1) ...

#16 72.89 Selecting previously unselected package libboost-filesystem1.83.0:amd64.

#16 72.89 Preparing to unpack .../053-libboost-filesystem1.83.0_1.83.0-2.1ubuntu3.1_amd64.deb ...

#16 72.89 Unpacking libboost-filesystem1.83.0:amd64 (1.83.0-2.1ubuntu3.1) ...

#16 72.92 Selecting previously unselected package libboost-serialization1.83.0:amd64.

#16 72.93 Preparing to unpack .../054-libboost-serialization1.83.0_1.83.0-2.1ubuntu3.1_amd64.deb ...

#16 72.93 Unpacking libboost-serialization1.83.0:amd64 (1.83.0-2.1ubuntu3.1) ...

#16 72.96 Selecting previously unselected package libboost-thread1.83.0:amd64.

2025-10-03 16:14:14.601Z: #16 72.97 Preparing to unpack .../055-libboost-thread1.83.0_1.83.0-2.1ubuntu3.1_amd64.deb ...

#16 72.97 Unpacking libboost-thread1.83.0:amd64 (1.83.0-2.1ubuntu3.1) ...

#16 73.00 Selecting previously unselected package libxcb-render0:amd64.

#16 73.00 Preparing to unpack .../056-libxcb-render0_1.15-1ubuntu2_amd64.deb ...

#16 73.01 Unpacking libxcb-render0:amd64 (1.15-1ubuntu2) ...

#16 73.03 Selecting previously unselected package libcairo2:amd64.

2025-10-03 16:14:14.601Z: #16 73.03 Preparing to unpack .../057-libcairo2_1.18.0-3build1_amd64.deb ...

#16 73.04 Unpacking libcairo2:amd64 (1.18.0-3build1) ...

#16 73.16 Selecting previously unselected package libcairo-gobject2:amd64.

2025-10-03 16:14:14.823Z: #16 73.16 Preparing to unpack .../058-libcairo-gobject2_1.18.0-3build1_amd64.deb ...

#16 73.16 Unpacking libcairo-gobject2:amd64 (1.18.0-3build1) ...

#16 73.19 Selecting previously unselected package liblcms2-2:amd64.

#16 73.19 Preparing to unpack .../059-liblcms2-2_2.14-2build1_amd64.deb ...

#16 73.19 Unpacking liblcms2-2:amd64 (2.14-2build1) ...

#16 73.22 Selecting previously unselected package libcolord2:amd64.

#16 73.23 Preparing to unpack .../060-libcolord2_1.4.7-1build2_amd64.deb ...

#16 73.23 Unpacking libcolord2:amd64 (1.4.7-1build2) ...

2025-10-03 16:14:15.796Z: #16 74.35 Selecting previously unselected package libcups2t64:amd64.

2025-10-03 16:14:15.950Z: #16 74.36 Preparing to unpack .../061-libcups2t64_2.4.7-1.2ubuntu7.4_amd64.deb ...

2025-10-03 16:14:16.220Z: #16 74.78 Unpacking libcups2t64:amd64 (2.4.7-1.2ubuntu7.4) ...

2025-10-03 16:14:16.321Z: #16 74.81 Selecting previously unselected package libdatrie1:amd64.

#16 74.81 Preparing to unpack .../062-libdatrie1_0.2.13-3build1_amd64.deb ...

#16 74.81 Unpacking libdatrie1:amd64 (0.2.13-3build1) ...

#16 74.84 Selecting previously unselected package libdw1t64:amd64.

#16 74.84 Preparing to unpack .../063-libdw1t64_0.190-1.1ubuntu0.1_amd64.deb ...

#16 74.85 Unpacking libdw1t64:amd64 (0.190-1.1ubuntu0.1) ...

#16 74.88 Selecting previously unselected package libepoxy0:amd64.

2025-10-03 16:14:16.443Z: #16 74.88 Preparing to unpack .../064-libepoxy0_1.5.10-1build1_amd64.deb ...

#16 74.88 Unpacking libepoxy0:amd64 (1.5.10-1build1) ...

#16 74.96 Selecting previously unselected package libogg0:amd64.

#16 74.96 Preparing to unpack .../065-libogg0_1.3.5-3build1_amd64.deb ...

#16 74.96 Unpacking libogg0:amd64 (1.3.5-3build1) ...

#16 75.00 Selecting previously unselected package libflac12t64:amd64.

2025-10-03 16:14:16.562Z: #16 75.00 Preparing to unpack .../066-libflac12t64_1.4.3+ds-2.1ubuntu2_amd64.deb ...

#16 75.00 Unpacking libflac12t64:amd64 (1.4.3+ds-2.1ubuntu2) ...

#16 75.03 Selecting previously unselected package libgraphite2-3:amd64.

#16 75.04 Preparing to unpack .../067-libgraphite2-3_1.3.14-2build1_amd64.deb ...

#16 75.04 Unpacking libgraphite2-3:amd64 (1.3.14-2build1) ...

#16 75.07 Selecting previously unselected package libgstreamer1.0-0:amd64.

#16 75.07 Preparing to unpack .../068-libgstreamer1.0-0_1.24.2-1ubuntu0.1_amd64.deb ...

#16 75.07 Unpacking libgstreamer1.0-0:amd64 (1.24.2-1ubuntu0.1) ...

2025-10-03 16:14:16.562Z: #16 75.12 Selecting previously unselected package liborc-0.4-0t64:amd64.

2025-10-03 16:14:16.678Z: #16 75.12 Preparing to unpack .../069-liborc-0.4-0t64_1%3a0.4.38-1ubuntu0.1_amd64.deb ...

#16 75.12 Unpacking liborc-0.4-0t64:amd64 (1:0.4.38-1ubuntu0.1) ...

#16 75.15 Selecting previously unselected package libgstreamer-plugins-base1.0-0:amd64.

#16 75.16 Preparing to unpack .../070-libgstreamer-plugins-base1.0-0_1.24.2-1ubuntu0.3_amd64.deb ...

#16 75.16 Unpacking libgstreamer-plugins-base1.0-0:amd64 (1.24.2-1ubuntu0.3) ...

#16 75.20 Selecting previously unselected package libharfbuzz0b:amd64.

#16 75.20 Preparing to unpack .../071-libharfbuzz0b_8.3.0-2build2_amd64.deb ...

2025-10-03 16:14:16.678Z: #16 75.20 Unpacking libharfbuzz0b:amd64 (8.3.0-2build2) ...

#16 75.23 Selecting previously unselected package libthai-data.

2025-10-03 16:14:16.787Z: #16 75.24 Preparing to unpack .../072-libthai-data_0.1.29-2build1_all.deb ...

#16 75.24 Unpacking libthai-data (0.1.29-2build1) ...

#16 75.34 Selecting previously unselected package libthai0:amd64.

2025-10-03 16:14:16.887Z: #16 75.35 Preparing to unpack .../073-libthai0_0.1.29-2build1_amd64.deb ...

#16 75.35 Unpacking libthai0:amd64 (0.1.29-2build1) ...

#16 75.38 Selecting previously unselected package libpango-1.0-0:amd64.

#16 75.38 Preparing to unpack .../074-libpango-1.0-0_1.52.1+ds-1build1_amd64.deb ...

#16 75.38 Unpacking libpango-1.0-0:amd64 (1.52.1+ds-1build1) ...

#16 75.41 Selecting previously unselected package libpangoft2-1.0-0:amd64.

#16 75.41 Preparing to unpack .../075-libpangoft2-1.0-0_1.52.1+ds-1build1_amd64.deb ...

#16 75.42 Unpacking libpangoft2-1.0-0:amd64 (1.52.1+ds-1build1) ...

#16 75.44 Selecting previously unselected package libpangocairo-1.0-0:amd64.

2025-10-03 16:14:16.990Z: #16 75.45 Preparing to unpack .../076-libpangocairo-1.0-0_1.52.1+ds-1build1_amd64.deb ...

#16 75.45 Unpacking libpangocairo-1.0-0:amd64 (1.52.1+ds-1build1) ...

2025-10-03 16:14:16.990Z: #16 75.48 Selecting previously unselected package libwayland-client0:amd64.

#16 75.48 Preparing to unpack .../077-libwayland-client0_1.22.0-2.1build1_amd64.deb ...

#16 75.48 Unpacking libwayland-client0:amd64 (1.22.0-2.1build1) ...

#16 75.51 Selecting previously unselected package libwayland-cursor0:amd64.

#16 75.51 Preparing to unpack .../078-libwayland-cursor0_1.22.0-2.1build1_amd64.deb ...

#16 75.52 Unpacking libwayland-cursor0:amd64 (1.22.0-2.1build1) ...

#16 75.54 Selecting previously unselected package libwayland-egl1:amd64.

#16 75.55 Preparing to unpack .../079-libwayland-egl1_1.22.0-2.1build1_amd64.deb ...

2025-10-03 16:14:17.163Z: #16 75.55 Unpacking libwayland-egl1:amd64 (1.22.0-2.1build1) ...

#16 75.57 Selecting previously unselected package libxcomposite1:amd64.

#16 75.58 Preparing to unpack .../080-libxcomposite1_1%3a0.4.5-1build3_amd64.deb ...

#16 75.58 Unpacking libxcomposite1:amd64 (1:0.4.5-1build3) ...

#16 75.60 Selecting previously unselected package libxfixes3:amd64.

#16 75.61 Preparing to unpack .../081-libxfixes3_1%3a6.0.0-2build1_amd64.deb ...

#16 75.61 Unpacking libxfixes3:amd64 (1:6.0.0-2build1) ...

#16 75.72 Selecting previously unselected package libxcursor1:amd64.
2025-10-03 16:14:17.163Z: 
2025-10-03 16:14:17.274Z: #16 75.72 Preparing to unpack .../082-libxcursor1_1%3a1.2.1-1build1_amd64.deb ...
2025-10-03 16:14:17.275Z: 
#16 75.72 Unpacking libxcursor1:amd64 (1:1.2.1-1build1) ...

#16 75.77 Selecting previously unselected package libxdamage1:amd64.

#16 75.77 Preparing to unpack .../083-libxdamage1_1%3a1.1.6-1build1_amd64.deb ...

#16 75.78 Unpacking libxdamage1:amd64 (1:1.1.6-1build1) ...

#16 75.80 Selecting previously unselected package libxinerama1:amd64.

#16 75.80 Preparing to unpack .../084-libxinerama1_2%3a1.1.4-3build1_amd64.deb ...

#16 75.81 Unpacking libxinerama1:amd64 (2:1.1.4-3build1) ...

#16 75.83 Selecting previously unselected package libgtk-3-common.

2025-10-03 16:14:17.422Z: #16 75.83 Preparing to unpack .../085-libgtk-3-common_3.24.41-4ubuntu1.3_all.deb ...

#16 75.84 Unpacking libgtk-3-common (3.24.41-4ubuntu1.3) ...

#16 75.89 Selecting previously unselected package libgtk-3-0t64:amd64.

#16 75.90 Preparing to unpack .../086-libgtk-3-0t64_3.24.41-4ubuntu1.3_amd64.deb ...

#16 75.91 Unpacking libgtk-3-0t64:amd64 (3.24.41-4ubuntu1.3) ...

#16 75.98 Selecting previously unselected package libltdl7:amd64.

2025-10-03 16:14:17.540Z: #16 75.98 Preparing to unpack .../087-libltdl7_2.4.7-7build1_amd64.deb ...

#16 75.98 Unpacking libltdl7:amd64 (2.4.7-7build1) ...

#16 76.04 Selecting previously unselected package libmp3lame0:amd64.

#16 76.04 Preparing to unpack .../088-libmp3lame0_3.100-6build1_amd64.deb ...

#16 76.05 Unpacking libmp3lame0:amd64 (3.100-6build1) ...

2025-10-03 16:14:17.540Z: #16 76.10 Selecting previously unselected package libmpg123-0t64:amd64.

2025-10-03 16:14:17.646Z: #16 76.10 Preparing to unpack .../089-libmpg123-0t64_1.32.5-1ubuntu1.1_amd64.deb ...

#16 76.10 Unpacking libmpg123-0t64:amd64 (1.32.5-1ubuntu1.1) ...

#16 76.13 Selecting previously unselected package libopus0:amd64.

#16 76.13 Preparing to unpack .../090-libopus0_1.4-1build1_amd64.deb ...

#16 76.14 Unpacking libopus0:amd64 (1.4-1build1) ...

#16 76.17 Selecting previously unselected package libpsm2-2.

#16 76.17 Preparing to unpack .../091-libpsm2-2_11.2.185-2build1_amd64.deb ...

#16 76.17 Unpacking libpsm2-2 (11.2.185-2build1) ...

#16 76.20 Selecting previously unselected package librdmacm1t64:amd64.

2025-10-03 16:14:17.748Z: #16 76.21 Preparing to unpack .../092-librdmacm1t64_50.0-2ubuntu0.2_amd64.deb ...

#16 76.21 Unpacking librdmacm1t64:amd64 (50.0-2ubuntu0.2) ...

2025-10-03 16:14:17.749Z: #16 76.23 Selecting previously unselected package libfdt1:amd64.

#16 76.24 Preparing to unpack .../093-libfdt1_1.7.0-2build1_amd64.deb ...

#16 76.24 Unpacking libfdt1:amd64 (1.7.0-2build1) ...

#16 76.27 Selecting previously unselected package librte-log24:amd64.

#16 76.27 Preparing to unpack .../094-librte-log24_23.11.4-0ubuntu0.24.04.1_amd64.deb ...

#16 76.27 Unpacking librte-log24:amd64 (23.11.4-0ubuntu0.24.04.1) ...

#16 76.30 Selecting previously unselected package librte-kvargs24:amd64.

#16 76.30 Preparing to unpack .../095-librte-kvargs24_23.11.4-0ubuntu0.24.04.1_amd64.deb ...

#16 76.30 Unpacking librte-kvargs24:amd64 (23.11.4-0ubuntu0.24.04.1) ...

2025-10-03 16:14:17.865Z: #16 76.33 Selecting previously unselected package librte-telemetry24:amd64.

#16 76.33 Preparing to unpack .../096-librte-telemetry24_23.11.4-0ubuntu0.24.04.1_amd64.deb ...

#16 76.33 Unpacking librte-telemetry24:amd64 (23.11.4-0ubuntu0.24.04.1) ...

#16 76.42 Selecting previously unselected package librte-eal24:amd64.

2025-10-03 16:14:17.978Z: #16 76.42 Preparing to unpack .../097-librte-eal24_23.11.4-0ubuntu0.24.04.1_amd64.deb ...

2025-10-03 16:14:17.978Z: #16 76.43 Unpacking librte-eal24:amd64 (23.11.4-0ubuntu0.24.04.1) ...

#16 76.46 Selecting previously unselected package librte-ring24:amd64.

#16 76.47 Preparing to unpack .../098-librte-ring24_23.11.4-0ubuntu0.24.04.1_amd64.deb ...

#16 76.47 Unpacking librte-ring24:amd64 (23.11.4-0ubuntu0.24.04.1) ...

#16 76.50 Selecting previously unselected package librte-mempool24:amd64.

#16 76.50 Preparing to unpack .../099-librte-mempool24_23.11.4-0ubuntu0.24.04.1_amd64.deb ...

#16 76.51 Unpacking librte-mempool24:amd64 (23.11.4-0ubuntu0.24.04.1) ...

#16 76.53 Selecting previously unselected package librte-mbuf24:amd64.

2025-10-03 16:14:18.080Z: #16 76.54 Preparing to unpack .../100-librte-mbuf24_23.11.4-0ubuntu0.24.04.1_amd64.deb ...
2025-10-03 16:14:18.081Z: 
#16 76.54 Unpacking librte-mbuf24:amd64 (23.11.4-0ubuntu0.24.04.1) ...

#16 76.57 Selecting previously unselected package librte-meter24:amd64.

#16 76.57 Preparing to unpack .../101-librte-meter24_23.11.4-0ubuntu0.24.04.1_amd64.deb ...

#16 76.58 Unpacking librte-meter24:amd64 (23.11.4-0ubuntu0.24.04.1) ...

#16 76.60 Selecting previously unselected package librte-net24:amd64.

#16 76.60 Preparing to unpack .../102-librte-net24_23.11.4-0ubuntu0.24.04.1_amd64.deb ...

#16 76.61 Unpacking librte-net24:amd64 (23.11.4-0ubuntu0.24.04.1) ...

#16 76.63 Selecting previously unselected package librte-ethdev24:amd64.

#16 76.64 Preparing to unpack .../103-librte-ethdev24_23.11.4-0ubuntu0.24.04.1_amd64.deb ...

2025-10-03 16:14:18.187Z: #16 76.64 Unpacking librte-ethdev24:amd64 (23.11.4-0ubuntu0.24.04.1) ...

#16 76.67 Selecting previously unselected package librte-rcu24:amd64.

#16 76.67 Preparing to unpack .../104-librte-rcu24_23.11.4-0ubuntu0.24.04.1_amd64.deb ...

2025-10-03 16:14:18.187Z: #16 76.67 Unpacking librte-rcu24:amd64 (23.11.4-0ubuntu0.24.04.1) ...

#16 76.70 Selecting previously unselected package librte-hash24:amd64.

#16 76.70 Preparing to unpack .../105-librte-hash24_23.11.4-0ubuntu0.24.04.1_amd64.deb ...

#16 76.70 Unpacking librte-hash24:amd64 (23.11.4-0ubuntu0.24.04.1) ...

#16 76.74 Selecting previously unselected package libvorbis0a:amd64.

2025-10-03 16:14:18.297Z: #16 76.75 Preparing to unpack .../106-libvorbis0a_1.3.7-1build3_amd64.deb ...
2025-10-03 16:14:18.297Z: 
#16 76.75 Unpacking libvorbis0a:amd64 (1.3.7-1build3) ...

#16 76.78 Selecting previously unselected package libvorbisenc2:amd64.

#16 76.78 Preparing to unpack .../107-libvorbisenc2_1.3.7-1build3_amd64.deb ...

#16 76.79 Unpacking libvorbisenc2:amd64 (1.3.7-1build3) ...

#16 76.82 Selecting previously unselected package libsndfile1:amd64.

#16 76.82 Preparing to unpack .../108-libsndfile1_1.2.2-1ubuntu5.24.04.1_amd64.deb ...

#16 76.82 Unpacking libsndfile1:amd64 (1.2.2-1ubuntu5.24.04.1) ...

#16 76.85 Selecting previously unselected package libucx0:amd64.

2025-10-03 16:14:18.425Z: #16 76.86 Preparing to unpack .../109-libucx0_1.16.0+ds-5ubuntu1_amd64.deb ...

#16 76.86 Unpacking libucx0:amd64 (1.16.0+ds-5ubuntu1) ...

2025-10-03 16:14:18.425Z: #16 76.90 Selecting previously unselected package libuhd4.6.0-dpdk:amd64.

#16 76.90 Preparing to unpack .../110-libuhd4.6.0-dpdk_4.6.0.0+ds1-5.1ubuntu0.24.04.1_amd64.deb ...

#16 76.91 Unpacking libuhd4.6.0-dpdk:amd64 (4.6.0.0+ds1-5.1ubuntu0.24.04.1) ...

#16 76.98 Selecting previously unselected package libxtst6:amd64.

2025-10-03 16:14:18.618Z: #16 76.98 Preparing to unpack .../111-libxtst6_2%3a1.2.3-1.1build1_amd64.deb ...
2025-10-03 16:14:18.620Z: 
2025-10-03 16:14:18.620Z: #16 76.99 Unpacking libxtst6:amd64 (2:1.2.3-1.1build1) ...

#16 77.02 Selecting previously unselected package locales-all.

#16 77.02 Preparing to unpack .../112-locales-all_2.39-0ubuntu8.6_amd64.deb ...

#16 77.02 Unpacking locales-all (2.39-0ubuntu8.6) ...

2025-10-03 16:14:21.641Z: #16 80.20 Setting up libgraphite2-3:amd64 (1.3.14-2build1) ...

2025-10-03 16:14:21.818Z: #16 80.20 Setting up liblcms2-2:amd64 (2.14-2build1) ...

#16 80.21 Setting up libsharpyuv0:amd64 (1.3.2-0.4build3) ...

#16 80.22 Setting up fontconfig (2.15.0-1.1ubuntu2) ...

#16 80.22 Regenerating fonts cache... 2025-10-03 16:14:23.848Z: done.

2025-10-03 16:14:23.951Z: #16 82.41 Setting up systemd-sysv (255.4-1ubuntu8.10) ...

#16 82.43 Setting up libxdamage1:amd64 (1:1.1.6-1build1) ...

#16 82.44 Setting up libogg0:amd64 (1.3.5-3build1) ...

#16 82.44 Setting up liblerc4:amd64 (4.0.0+ds-4ubuntu2) ...

#16 82.45 Setting up hicolor-icon-theme (0.17-2) ...

#16 82.47 Setting up libxi6:amd64 (2:1.8.1-1build1) ...

#16 82.48 Setting up libdatrie1:amd64 (0.2.13-3build1) ...

#16 82.49 Setting up libxcb-render0:amd64 (1.15-1ubuntu2) ...

#16 82.49 Setting up libxtst6:amd64 (2:1.2.3-1.1build1) ...

2025-10-03 16:14:23.952Z: #16 82.50 Setting up libgdk-pixbuf2.0-common (2.42.10+dfsg-3ubuntu3.2) ...

#16 82.51 Setting up libdeflate0:amd64 (1.19-1build1.1) ...

2025-10-03 16:14:24.134Z: #16 82.51 Setting up libboost-thread1.83.0:amd64 (1.83.0-2.1ubuntu3.1) ...

#16 82.52 Setting up libmpg123-0t64:amd64 (1.32.5-1ubuntu1.1) ...

#16 82.53 Setting up libboost-filesystem1.83.0:amd64 (1.83.0-2.1ubuntu3.1) ...

#16 82.53 Setting up libfdt1:amd64 (1.7.0-2build1) ...

#16 82.54 Setting up locales (2.39-0ubuntu8.6) ...

2025-10-03 16:14:24.514Z: #16 83.07 locales-all installed, skipping locales generation

2025-10-03 16:14:24.618Z: #16 83.09 Setting up libjbig0:amd64 (2.1-6.1ubuntu2) ...

#16 83.10 Setting up libcairo2:amd64 (1.18.0-3build1) ...

#16 83.11 Setting up locales-all (2.39-0ubuntu8.6) ...

#16 83.11 Setting up liborc-0.4-0t64:amd64 (1:0.4.38-1ubuntu0.1) ...

#16 83.12 Setting up libdw1t64:amd64 (0.190-1.1ubuntu0.1) ...

#16 83.13 Setting up libnl-route-3-200:amd64 (3.7.0-0.3build1.1) ...

#16 83.13 Setting up libasound2-data (1.2.11-1ubuntu0.1) ...

#16 83.14 Setting up libboost-serialization1.83.0:amd64 (1.83.0-2.1ubuntu3.1) ...

#16 83.15 Setting up libglib2.0-0t64:amd64 (2.80.0-6ubuntu3.4) ...

#16 83.16 Setting up libasound2t64:amd64 (1.2.11-1ubuntu0.1) ...

#16 83.17 Setting up libllvm17t64:amd64 (1:17.0.6-9ubuntu1) ...

#16 83.17 Setting up libepoxy0:amd64 (1.5.10-1build1) ...

2025-10-03 16:14:24.817Z: #16 83.18 Setting up libboost-chrono1.83.0t64:amd64 (1.83.0-2.1ubuntu3.1) ...

#16 83.19 Setting up libxfixes3:amd64 (1:6.0.0-2build1) ...

#16 83.19 Setting up libavahi-common-data:amd64 (0.8-13ubuntu6) ...

#16 83.20 Setting up libdbus-1-3:amd64 (1.14.10-4ubuntu4.1) ...

#16 83.21 Setting up libfribidi0:amd64 (1.0.13-3build1) ...

#16 83.22 Setting up libopus0:amd64 (1.4-1build1) ...

2025-10-03 16:14:24.818Z: #16 83.22 Setting up shared-mime-info (2.4-4) ...

2025-10-03 16:14:32.711Z: #16 91.27 Setting up libxinerama1:amd64 (2:1.1.4-3build1) ...

2025-10-03 16:14:32.956Z: #16 91.27 Setting up libvorbis0a:amd64 (1.3.7-1build3) ...

#16 91.28 Setting up libjpeg-turbo8:amd64 (2.1.5-2ubuntu2) ...

#16 91.29 Setting up libltdl7:amd64 (2.4.7-7build1) ...

#16 91.29 Setting up libwebp7:amd64 (1.3.2-0.4build3) ...

#16 91.30 Setting up at-spi2-common (2.52.0-1build1) ...

#16 91.31 Setting up dbus-session-bus-common (1.14.10-4ubuntu4.1) ...

#16 91.31 Setting up libpsm2-2 (11.2.185-2build1) ...

#16 91.32 Setting up libharfbuzz0b:amd64 (8.3.0-2build2) ...

#16 91.32 Setting up libthai-data (0.1.29-2build1) ...

#16 91.33 Setting up libcairo-gobject2:amd64 (1.18.0-3build1) ...

#16 91.34 Setting up libamd-comgr2:amd64 (6.0+git20231212.4510c28+dfsg-3build2) ...

#16 91.34 Setting up libflac12t64:amd64 (1.4.3+ds-2.1ubuntu2) ...

#16 91.35 Setting up libwayland-egl1:amd64 (1.22.0-2.1build1) ...

#16 91.35 Setting up libusb-1.0-0:amd64 (2:1.0.27-1) ...

#16 91.36 Setting up dbus-system-bus-common (1.14.10-4ubuntu4.1) ...

2025-10-03 16:14:33.113Z: #16 91.67 Setting up libc-dev-bin (2.39-0ubuntu8.6) ...

2025-10-03 16:14:33.240Z: #16 91.68 Setting up libxcomposite1:amd64 (1:0.4.5-1build3) ...

#16 91.68 Setting up iso-codes (4.16.0-1) ...

#16 91.69 Setting up dbus-bin (1.14.10-4ubuntu4.1) ...

#16 91.70 Setting up libhsakmt1:amd64 (5.7.0-1build1) ...

#16 91.70 Setting up libgstreamer1.0-0:amd64 (1.24.2-1ubuntu0.1) ...

#16 91.71 Setcap worked! gst-ptp-helper is not suid!

#16 91.71 Setting up libmp3lame0:amd64 (3.100-6build1) ...

#16 91.72 Setting up libvorbisenc2:amd64 (1.3.7-1build3) ...

#16 91.72 Setting up libxkbcommon0:amd64 (1.6.0-1build1) ...

#16 91.73 Setting up libwayland-client0:amd64 (1.22.0-2.1build1) ...
2025-10-03 16:14:33.241Z: 
#16 91.74 Setting up libjpeg8:amd64 (8c-2ubuntu11) ...

#16 91.74 Setting up libibverbs1:amd64 (50.0-2ubuntu0.2) ...

#16 91.80 Setting up libatk1.0-0t64:amd64 (2.52.0-1build1) ...

2025-10-03 16:14:33.372Z: #16 91.80 Setting up ibverbs-providers:amd64 (50.0-2ubuntu0.2) ...

#16 91.93 Setting up librte-log24:amd64 (23.11.4-0ubuntu0.24.04.1) ...

2025-10-03 16:14:33.501Z: #16 91.93 Setting up libxcursor1:amd64 (1:1.2.1-1build1) ...

#16 91.94 Setting up libavahi-common3:amd64 (0.8-13ubuntu6) ...

#16 91.95 Setting up libgstreamer-plugins-base1.0-0:amd64 (1.24.2-1ubuntu0.3) ...

#16 91.95 Setting up dbus-daemon (1.14.10-4ubuntu4.1) ...

#16 91.97 Setting up libcolord2:amd64 (1.4.7-1build2) ...

#16 91.98 Setting up libdconf1:amd64 (0.40.0-4ubuntu0.1) ...

#16 91.98 Setting up libthai0:amd64 (0.1.29-2build1) ...

#16 91.99 Setting up libatspi2.0-0t64:amd64 (2.52.0-1build1) ...

#16 92.02 Setting up dbus (1.14.10-4ubuntu4.1) ...

#16 92.06 Setting up librte-telemetry24:amd64 (23.11.4-0ubuntu0.24.04.1) ...

2025-10-03 16:14:33.685Z: #16 92.06 Setting up librte-kvargs24:amd64 (23.11.4-0ubuntu0.24.04.1) ...

#16 92.07 Setting up libtiff6:amd64 (4.5.1+git230720-4ubuntu2.4) ...

#16 92.08 Setting up libwayland-cursor0:amd64 (1.22.0-2.1build1) ...

#16 92.08 Setting up libhsa-runtime64-1 (5.7.1-2build1) ...

#16 92.09 Setting up libpam-systemd:amd64 (255.4-1ubuntu8.10) ...

2025-10-03 16:14:33.694Z: #16 92.25 Setting up librdmacm1t64:amd64 (50.0-2ubuntu0.2) ...

2025-10-03 16:14:33.794Z: #16 92.26 Setting up libc6-dev:amd64 (2.39-0ubuntu8.6) ...

#16 92.26 Setting up libgdk-pixbuf-2.0-0:amd64 (2.42.10+dfsg-3ubuntu3.2) ...

#16 92.28 Setting up libsndfile1:amd64 (1.2.2-1ubuntu5.24.04.1) ...

#16 92.29 Setting up libavahi-client3:amd64 (0.8-13ubuntu6) ...

#16 92.29 Setting up libatk-bridge2.0-0t64:amd64 (2.52.0-1build1) ...

#16 92.30 Setting up gtk-update-icon-cache (3.24.41-4ubuntu1.3) ...

#16 92.31 Setting up librte-eal24:amd64 (23.11.4-0ubuntu0.24.04.1) ...

#16 92.31 Setting up libpango-1.0-0:amd64 (1.52.1+ds-1build1) ...

#16 92.32 Setting up dbus-user-session (1.14.10-4ubuntu4.1) ...

#16 92.33 Setting up libamdhip64-5 (5.7.1-3) ...

2025-10-03 16:14:33.795Z: #16 92.33 Setting up librte-ring24:amd64 (23.11.4-0ubuntu0.24.04.1) ...

#16 92.34 Setting up librte-meter24:amd64 (23.11.4-0ubuntu0.24.04.1) ...

#16 92.34 Setting up libpangoft2-1.0-0:amd64 (1.52.1+ds-1build1) ...

#16 92.35 Setting up librte-mempool24:amd64 (23.11.4-0ubuntu0.24.04.1) ...

2025-10-03 16:14:34.021Z: #16 92.36 Setting up libcups2t64:amd64 (2.4.7-1.2ubuntu7.4) ...

#16 92.37 Setting up libpangocairo-1.0-0:amd64 (1.52.1+ds-1build1) ...

#16 92.37 Setting up libucx0:amd64 (1.16.0+ds-5ubuntu1) ...

#16 92.38 Setting up librte-mbuf24:amd64 (23.11.4-0ubuntu0.24.04.1) ...

#16 92.39 Setting up dconf-service (0.40.0-4ubuntu0.1) ...

#16 92.39 Setting up librte-rcu24:amd64 (23.11.4-0ubuntu0.24.04.1) ...

#16 92.40 Setting up librte-net24:amd64 (23.11.4-0ubuntu0.24.04.1) ...

2025-10-03 16:14:34.021Z: #16 92.41 Setting up dconf-gsettings-backend:amd64 (0.40.0-4ubuntu0.1) ...

#16 92.41 Setting up librte-ethdev24:amd64 (23.11.4-0ubuntu0.24.04.1) ...

#16 92.42 Setting up libgtk-3-common (3.24.41-4ubuntu1.3) ...

#16 92.43 Setting up librte-hash24:amd64 (23.11.4-0ubuntu0.24.04.1) ...

#16 92.44 Setting up libuhd4.6.0-dpdk:amd64 (4.6.0.0+ds1-5.1ubuntu0.24.04.1) ...

#16 92.44 Setting up adwaita-icon-theme (46.0-1) ...

#16 92.58 update-alternatives: using /usr/share/icons/Adwaita/cursor.theme to provide /usr/share/icons/default/index.theme (x-cursor-theme) in auto mode

2025-10-03 16:14:34.216Z: #16 92.59 Setting up libgtk-3-0t64:amd64 (3.24.41-4ubuntu1.3) ...

#16 92.62 Setting up humanity-icon-theme (0.6.16) ...

2025-10-03 16:14:34.423Z: #16 92.98 Setting up ubuntu-mono (24.04-0ubuntu1) ...

2025-10-03 16:14:34.599Z: #16 93.04 Processing triggers for man-db (2.12.0-4build2) ...

#16 93.15 Processing triggers for libc-bin (2.39-0ubuntu8.6) ...

2025-10-03 16:14:34.701Z: #16 93.26 Reading package lists...2025-10-03 16:14:34.880Z: 
#16 93.27 Building dependency tree...
#16 93.27 Reading state information...
#16 93.27 0 upgraded, 0 newly installed, 0 to remove and 0 not upgraded.
#16 93.28 'R2025b' does not support NOGPU flag, skipping...
#16 93.28 Container user is defined as : 'vscode'
#16 93.28 Container user's effective home dir: '/home/vscode'
#16 93.28 Remote user is defined as : 'vscode'
#16 93.28 Remote user's effective home dir: '/home/vscode'
#16 93.28 Container user is defined as : 'vscode'
#16 93.28 Container user's effective home dir: '/home/vscode'
#16 93.28 Proceeding to install matlab as 'vscode'...
2025-10-03 16:14:34.880Z: #16 93.28 Install location for MATLAB: /opt/matlab/R2025b
#16 93.28 /home/vscode /tmp/matlab-feature-install /tmp/dev-container-features/matlab_1
2025-10-03 16:14:37.861Z: #16 96.42 Installing with the following parameters:
#16 96.42 --destination=/opt/matlab/R2025b
#16 96.42 --release=R2025b
#16 96.42 --products=MATLAB, Simulink, Motor_Control_Blockset, Deep_Learning_Toolbox, Statistics_and_Machine_Learning_Toolbox, MATLAB_Compiler, Simulink_Compiler, MATLAB_Compiler_SDK
#16 96.42 ---------------------------------------------
2025-10-03 16:14:42.082Z: #16 100.6 The following MathWorks Products are licensed under the The MathWorks, Inc. Software License
#16 100.6 Agreement, available in the installation of the MathWorks Product or in the virtual machine image.
#16 100.6 MATLAB_Compiler, MATLAB_Compiler_SDK, MATLAB, Motor_Control_Blockset, Deep_Learning_Toolbox, Simulink_Compiler, Simulink, Statistics_and_Machine_Learning_Toolbox
#16 100.6 
#16 100.6 Starting install
2025-10-03 16:14:42.234Z: #16 100.6 Products will be installed to: /opt/matlab/R2025b
2025-10-03 16:19:22.072Z: #16 380.6 Error: Unable to continue due to lack of disk space.
2025-10-03 16:19:22.878Z: #16 381.4 /tmp/matlab-feature-install /tmp/dev-container-features/matlab_1
2025-10-03 16:19:23.068Z: #16 381.5 Installing matlabengine
#16 381.5 Python and PIP already installed.
2025-10-03 16:19:24.003Z: #16 382.6 Collecting matlabengine==25.2.*
2025-10-03 16:19:24.202Z: #16 382.6   Downloading matlabengine-25.2.2.tar.gz (18 kB)
#16 382.6   Installing build dependencies: started
2025-10-03 16:19:26.414Z: #16 385.0   Installing build dependencies: finished with status 'done'
2025-10-03 16:19:26.566Z: #16 385.0   Getting requirements to build wheel: started
2025-10-03 16:19:26.640Z: #16 385.2   Getting requirements to build wheel: finished with status 'done'
2025-10-03 16:19:26.791Z: #16 385.2   Preparing metadata (pyproject.toml): started
2025-10-03 16:19:26.819Z: #16 385.4   Preparing metadata (pyproject.toml): finished with status 'done'
2025-10-03 16:19:26.973Z: #16 385.4 Building wheels for collected packages: matlabengine
#16 385.4   Building wheel for matlabengine (pyproject.toml): started
2025-10-03 16:19:27.005Z: #16 385.6   Building wheel for matlabengine (pyproject.toml): finished with status 'error'
2025-10-03 16:19:27.115Z: #16 385.6   error: subprocess-exited-with-error2025-10-03 16:19:27.115Z: 
#16 385.6   
#16 385.6   × Building wheel for matlabengine (pyproject.toml) did not run successfully.
#16 385.6   │ exit code: 1
#16 385.6   ╰─> [60 lines of output]
#16 385.6       <string>:272: SyntaxWarning: invalid escape sequence '\d'
#16 385.6       <string>:281: SyntaxWarning: invalid escape sequence '\d'
#16 385.6       running bdist_wheel
#16 385.6       running build
#16 385.6       running build_py
#16 385.6       _create_path_list returned: ['/opt/matlab/R2025b/bin/glnxa64']
#16 385.6       _get_matlab_root_from_unix_bin returned:
#16 385.6       search_path_for_directory_unix returned:
#16 385.6       Traceback (most recent call last):
#16 385.6         File "/usr/lib/python3/dist-packages/pip/_vendor/pyproject_hooks/_in_process/_in_process.py", line 353, in <module>
#16 385.6           main()
#16 385.6         File "/usr/lib/python3/dist-packages/pip/_vendor/pyproject_hooks/_in_process/_in_process.py", line 335, in main
#16 385.6           json_out['return_val'] = hook(**hook_input['kwargs'])
#16 385.6                                    ^^^^^^^^^^^^^^^^^^^^^^^^^^^^
#16 385.6         File "/usr/lib/python3/dist-packages/pip/_vendor/pyproject_hooks/_in_process/_in_process.py", line 251, in build_wheel
#16 385.6           return _build_backend().build_wheel(wheel_directory, config_settings,
#16 385.6                  ^^^^^^^^^^^^^^^^^^^^^^^^^^^^^^^^^^^^^^^^^^^^^^^^^^^^^^^^^^^^^^
#16 385.6         File "/tmp/pip-build-env-bmmm_aez/overlay/local/lib/python3.12/dist-packages/setuptools/build_meta.py", line 435, in build_wheel
#16 385.6           return _build(['bdist_wheel', '--dist-info-dir', str(metadata_directory)])
#16 385.6                  ^^^^^^^^^^^^^^^^^^^^^^^^^^^^^^^^^^^^^^^^^^^^^^^^^^^^^^^^^^^^^^^^^^^
#16 385.6         File "/tmp/pip-build-env-bmmm_aez/overlay/local/lib/python3.12/dist-packages/setuptools/build_meta.py", line 423, in _build
#16 385.6           return self._build_with_temp_dir(
#16 385.6                  ^^^^^^^^^^^^^^^^^^^^^^^^^^
#16 385.6         File "/tmp/pip-build-env-bmmm_aez/overlay/local/lib/python3.12/dist-packages/setuptools/build_meta.py", line 404, in _build_with_temp_dir
#16 385.6           self.run_setup()
#16 385.6         File "/tmp/pip-build-env-bmmm_aez/overlay/local/lib/python3.12/dist-packages/setuptools/build_meta.py", line 317, in run_setup
#16 385.6           exec(code, locals())
#16 385.6         File "<string>", line 419, in <module>
#16 385.6         File "/tmp/pip-build-env-bmmm_aez/overlay/local/lib/python3.12/dist-packages/setuptools/__init__.py", line 115, in setup
#16 385.6           return distutils.core.setup(**attrs)
#16 385.6                  ^^^^^^^^^^^^^^^^^^^^^^^^^^^^^
#16 385.6         File "/tmp/pip-build-env-bmmm_aez/overlay/local/lib/python3.12/dist-packages/setuptools/_distutils/core.py", line 186, in setup
#16 385.6           return run_commands(dist)
#16 385.6                  ^^^^^^^^^^^^^^^^^^
#16 385.6         File "/tmp/pip-build-env-bmmm_aez/overlay/local/lib/python3.12/dist-packages/setuptools/_distutils/core.py", line 202, in run_commands
#16 385.6           dist.run_commands()
#16 385.6         File "/tmp/pip-build-env-bmmm_aez/overlay/local/lib/python3.12/dist-packages/setuptools/_distutils/dist.py", line 1002, in run_commands
#16 385.6           self.run_command(cmd)
#16 385.6         File "/tmp/pip-build-env-bmmm_aez/overlay/local/lib/python3.12/dist-packages/setuptools/dist.py", line 1102, in run_command
#16 385.6           super().run_command(command)
#16 385.6         File "/tmp/pip-build-env-bmmm_aez/overlay/local/lib/python3.12/dist-packages/setuptools/_distutils/dist.py", line 1021, in run_command
#16 385.6           cmd_obj.run()
#16 385.6         File "/tmp/pip-build-env-bmmm_aez/overlay/local/lib/python3.12/dist-packages/setuptools/command/bdist_wheel.py", line 370, in run
#16 385.6           self.run_command("build")
#16 385.6         File "/tmp/pip-build-env-bmmm_aez/overlay/local/lib/python3.12/dist-packages/setuptools/_distutils/cmd.py", line 357, in run_command2025-10-03 16:19:27.116Z: 
#16 385.6           self.distribution.run_command(command)
#16 385.6         File "/tmp/pip-build-env-bmmm_aez/overlay/local/lib/python3.12/dist-packages/setuptools/dist.py", line 1102, in run_command
#16 385.6           super().run_command(command)
#16 385.6         File "/tmp/pip-build-env-bmmm_aez/overlay/local/lib/python3.12/dist-packages/setuptools/_distutils/dist.py", line 1021, in run_command
#16 385.6           cmd_obj.run()
#16 385.6         File "/tmp/pip-build-env-bmmm_aez/overlay/local/lib/python3.12/dist-packages/setuptools/_distutils/command/build.py", line 135, in run
#16 385.6           self.run_command(cmd_name)
#16 385.6         File "/tmp/pip-build-env-bmmm_aez/overlay/local/lib/python3.12/dist-packages/setuptools/_distutils/cmd.py", line 357, in run_command
#16 385.6           self.distribution.run_command(command)
#16 385.6         File "/tmp/pip-build-env-bmmm_aez/overlay/local/lib/python3.12/dist-packages/setuptools/dist.py", line 1102, in run_command
#16 385.6           super().run_command(command)
#16 385.6         File "/tmp/pip-build-env-bmmm_aez/overlay/local/lib/python3.12/dist-packages/setuptools/_distutils/dist.py", line 1021, in run_command
#16 385.6           cmd_obj.run()
#16 385.6         File "<string>", line 409, in run
#16 385.6       RuntimeError: MATLAB R2025b installation not found. Install to default location, or add <matlabroot>/bin/glnxa64 to LD_LIBRARY_PATH, where <matlabroot> is the root of a MATLAB R2025b installation.
#16 385.6       [end of output]
#16 385.6   
#16 385.6   note: This error originates from a subprocess, and is likely not a problem with pip.
#16 385.6   ERROR: Failed building wheel for matlabengine
#16 385.6 Failed to build matlabengine
#16 385.6 ERROR: Could not build wheels for matlabengine, which is required to install pyproject.toml-based projects
#16 385.7  
#16 385.7 Failed to install for MATLAB R2025b on Ubuntu 24.04.2 LTS.
#16 385.7 To debug, call script with SHELLOPTS=xtrace 
2025-10-03 16:19:27.265Z: #16 385.7 ERROR: Feature "MATLAB" (ghcr.io/mathworks/devcontainer-features/matlab) failed to install! Look at the documentation at ********/mathworks/devcontainer-features for help troubleshooting this error.
2025-10-03 16:19:27.880Z: #16 ERROR: process "/bin/sh -c cp -ar /tmp/build-features-src/matlab_1 /tmp/dev-container-features  && chmod -R 0755 /tmp/dev-container-features/matlab_1  && cd /tmp/dev-container-features/matlab_1  && chmod +x ./devcontainer-features-install.sh  && ./devcontainer-features-install.sh  && rm -rf /tmp/dev-container-features/matlab_1" did not complete successfully: exit code: 1
2025-10-03 16:19:28.002Z: ------
 > [dev_containers_target_stage 6/6] RUN --mount=type=bind,from=dev_containers_feature_content_source,source=matlab_1,target=/tmp/build-features-src/matlab_1     cp -ar /tmp/build-features-src/matlab_1 /tmp/dev-container-features  && chmod -R 0755 /tmp/dev-container-features/matlab_1  && cd /tmp/dev-container-features/matlab_1  && chmod +x ./devcontainer-features-install.sh  && ./devcontainer-features-install.sh  && rm -rf /tmp/dev-container-features/matlab_1:
385.6       [end of output]
385.6   
385.6   note: This error originates from a subprocess, and is likely not a problem with pip.
385.6   ERROR: Failed building wheel for matlabengine
385.6 Failed to build matlabengine
2025-10-03 16:19:28.002Z: 385.6 ERROR: Could not build wheels for matlabengine, which is required to install pyproject.toml-based projects
385.7  
385.7 Failed to install for MATLAB R2025b on Ubuntu 24.04.2 LTS.
385.7 To debug, call script with SHELLOPTS=xtrace 
385.7 ERROR: Feature "MATLAB" (ghcr.io/mathworks/devcontainer-features/matlab) failed to install! Look at the documentation at ********/mathworks/devcontainer-features for help troubleshooting this error.
------
2025-10-03 16:19:28.031Z: Dockerfile.extended:36
2025-10-03 16:19:28.031Z: --------------------
  35 |     
  36 | >>> RUN --mount=type=bind,from=dev_containers_feature_content_source,source=matlab_1,target=/tmp/build-features-src/matlab_1 \
  37 | >>>     cp -ar /tmp/build-features-src/matlab_1 /tmp/dev-container-features \
  38 | >>>  && chmod -R 0755 /tmp/dev-container-features/matlab_1 \
  39 | >>>  && cd /tmp/dev-container-features/matlab_1 \
  40 | >>>  && chmod +x ./devcontainer-features-install.sh \
  41 | >>>  && ./devcontainer-features-install.sh \
  42 | >>>  && rm -rf /tmp/dev-container-features/matlab_1
  43 |     
--------------------
ERROR: failed to build: failed to solve: process "/bin/sh -c cp -ar /tmp/build-features-src/matlab_1 /tmp/dev-container-features  && chmod -R 0755 /tmp/dev-container-features/matlab_1  && cd /tmp/dev-container-features/matlab_1  && chmod +x ./devcontainer-features-install.sh  && ./devcontainer-features-install.sh  && rm -rf /tmp/dev-container-features/matlab_1" did not complete successfully: exit code: 1
2025-10-03 16:19:28.035Z: Stop: Run: docker buildx build --load --build-context dev_containers_feature_content_source=/tmp/devcontainercli-root/container-features/0.80.0-1759507904400 --build-arg _DEV_CONTAINERS_BASE_IMAGE=mcr.microsoft.com/devcontainers/base:ubuntu --build-arg _DEV_CONTAINERS_IMAGE_USER=root --build-arg _DEV_CONTAINERS_FEATURE_CONTENT_SOURCE=dev_container_feature_content_temp --target dev_containers_target_stage -f /tmp/devcontainercli-root/container-features/0.80.0-1759507904400/Dockerfile.extended -t vsc-ai-motor-control-08140b272e8c2c9c56f68aab9ad26d521178487c932860920c0f738e2392989e-features /var/lib/docker/codespacemount/.persistedshare/empty-folder
2025-10-03 16:19:28.041Z: Error: Command failed: docker buildx build --load --build-context dev_containers_feature_content_source=/tmp/devcontainercli-root/container-features/0.80.0-1759507904400 --build-arg _DEV_CONTAINERS_BASE_IMAGE=mcr.microsoft.com/devcontainers/base:ubuntu --build-arg _DEV_CONTAINERS_IMAGE_USER=root --build-arg _DEV_CONTAINERS_FEATURE_CONTENT_SOURCE=dev_container_feature_content_temp --target dev_containers_target_stage -f /tmp/devcontainercli-root/container-features/0.80.0-1759507904400/Dockerfile.extended -t vsc-ai-motor-control-08140b272e8c2c9c56f68aab9ad26d521178487c932860920c0f738e2392989e-features /var/lib/docker/codespacemount/.persistedshare/empty-folder
2025-10-03 16:19:28.041Z:     at w6 (/.codespaces/agent/bin/node_modules/@devcontainers/cli/dist/spec-node/devContainersSpecCLI.js:467:1253)
2025-10-03 16:19:28.041Z:     at ax (/.codespaces/agent/bin/node_modules/@devcontainers/cli/dist/spec-node/devContainersSpecCLI.js:467:997)
2025-10-03 16:19:28.041Z:     at process.processTicksAndRejections (node:internal/process/task_queues:95:5)
2025-10-03 16:19:28.041Z:     at async Y6 (/.codespaces/agent/bin/node_modules/@devcontainers/cli/dist/spec-node/devContainersSpecCLI.js:484:3842)
2025-10-03 16:19:28.041Z:     at async BC (/.codespaces/agent/bin/node_modules/@devcontainers/cli/dist/spec-node/devContainersSpecCLI.js:484:4957)
2025-10-03 16:19:28.041Z:     at async p7 (/.codespaces/agent/bin/node_modules/@devcontainers/cli/dist/spec-node/devContainersSpecCLI.js:665:202)
2025-10-03 16:19:28.041Z:     at async d7 (/.codespaces/agent/bin/node_modules/@devcontainers/cli/dist/spec-node/devContainersSpecCLI.js:664:14804)
2025-10-03 16:19:28.043Z:     at async /.codespaces/agent/bin/node_modules/@devcontainers/cli/dist/spec-node/devContainersSpecCLI.js:484:1188
2025-10-03 16:19:28.043Z: {"outcome":"error","message":"Command failed: docker buildx build --load --build-context dev_containers_feature_content_source=/tmp/devcontainercli-root/container-features/0.80.0-1759507904400 --build-arg _DEV_CONTAINERS_BASE_IMAGE=mcr.microsoft.com/devcontainers/base:ubuntu --build-arg _DEV_CONTAINERS_IMAGE_USER=root --build-arg _DEV_CONTAINERS_FEATURE_CONTENT_SOURCE=dev_container_feature_content_temp --target dev_containers_target_stage -f /tmp/devcontainercli-root/container-features/0.80.0-1759507904400/Dockerfile.extended -t vsc-ai-motor-control-08140b272e8c2c9c56f68aab9ad26d521178487c932860920c0f738e2392989e-features /var/lib/docker/codespacemount/.persistedshare/empty-folder","description":"An error occurred setting up the container."}
2025-10-03 16:19:28.051Z: devcontainer process exited with exit code 1

====================================== ERROR ====================================
2025-10-03 16:19:28.063Z: Failed to create container.
=================================================================================
2025-10-03 16:19:28.064Z: Error: Command failed: docker buildx build --load --build-context dev_containers_feature_content_source=/tmp/devcontainercli-root/container-features/0.80.0-1759507904400 --build-arg _DEV_CONTAINERS_BASE_IMAGE=mcr.microsoft.com/devcontainers/base:ubuntu --build-arg _DEV_CONTAINERS_IMAGE_USER=root --build-arg _DEV_CONTAINERS_FEATURE_CONTENT_SOURCE=dev_container_feature_content_temp --target dev_containers_target_stage -f /tmp/devcontainercli-root/container-features/0.80.0-1759507904400/Dockerfile.extended -t vsc-ai-motor-control-08140b272e8c2c9c56f68aab9ad26d521178487c932860920c0f738e2392989e-features /var/lib/docker/codespacemount/.persistedshare/empty-folder
2025-10-03 16:19:28.068Z: Error code: 1302 (UnifiedContainersErrorFatalCreatingContainer)

====================================== ERROR ====================================
2025-10-03 16:19:28.083Z: Container creation failed.
=================================================================================
2025-10-03 16:19:28.102Z: 

===================================== WARNING ===================================
2025-10-03 16:19:28.104Z: Creating recovery container.
=================================================================================

=================================================================================
2025-10-03 16:20:55.967Z: Creating container...
2025-10-03 16:20:55.991Z: $ devcontainer up --id-label Type=codespaces --workspace-folder /var/lib/docker/codespacemount/workspace/AI-Motor-Control --mount type=bind,source=/.codespaces/agent/mount/cache,target=/vscode --user-data-folder /var/lib/docker/codespacemount/.persistedshare --container-data-folder .vscode-remote/data/Machine --container-system-data-folder /var/vscode-remote --log-level trace --log-format json --update-remote-user-uid-default never --mount-workspace-git-root false --omit-config-remote-env-from-metadata --skip-non-blocking-commands --skip-post-create --config "/var/lib/docker/codespacemount/workspace/AI-Motor-Control/.devcontainer/devcontainer.json" --override-config /root/.codespaces/shared/merged_devcontainer.json --default-user-env-probe loginInteractiveShell --container-session-data-folder /workspaces/.codespaces/.persistedshare/devcontainers-cli/cache --secrets-file /root/.codespaces/shared/user-secrets-envs.json
2025-10-03 16:20:56.138Z: @devcontainers/cli 0.80.0. Node.js v18.20.6. linux 6.8.0-1030-azure x64.
2025-10-03 16:20:56.505Z: $alpine -c echo Container started
2025-10-03 16:20:56.519Z: Unable to find image 'mcr.microsoft.com/devcontainers/base:alpine' locally
2025-10-03 16:20:56.654Z: alpine: Pulling from devcontainers/base
2025-10-03 16:20:56.697Z: 
[1A[2K
9824c27679d3: Pulling fs layer 
[1B
[1A[2K
64460e5168e0: 2025-10-03 16:20:56.697Z: Pulling fs layer 
[1B
[1A[2K
44c75e786264: Pulling fs layer 
[1B
[1A[2K
a63fa575778c: Pulling fs layer 
[1B
[1A[2K
85553cdd1418: Pulling fs layer 
[1B
[1A[2K
ba79d01ae1c8: Pulling fs layer 
[1B
[1A[2K
7add29b687fa: Pulling fs layer 
[1B[2A[2K
ba79d01ae1c8: Waiting 
[2B[4A[2K
a63fa575778c: Waiting 
[4B[3A[2K
85553cdd1418: Waiting 
[3B[1A[2K
7add29b687fa: Waiting 
[1B2025-10-03 16:20:56.735Z: [7A2025-10-03 16:20:56.736Z: [2K
9824c27679d3: Downloading  48.34kB/3.8MB
[7B2025-10-03 16:20:56.741Z: [6A[2K
64460e5168e0: 2025-10-03 16:20:56.741Z: Downloading     408B/408B
[6B[6A[2K
64460e5168e0: Verifying Checksum 
[6B[6A[2K
64460e5168e0: Download complete 
[6B2025-10-03 16:20:56.751Z: [5A[2K
44c75e786264: 2025-10-03 16:20:56.751Z: Downloading     135B/135B
[5B2025-10-03 16:20:56.761Z: [7A[2K
9824c27679d3: 2025-10-03 16:20:56.761Z: Verifying Checksum 
[7B[7A[2K
9824c27679d3: Download complete 
[7B2025-10-03 16:20:56.762Z: [7A[2K
9824c27679d3: Extracting  65.54kB/3.8MB
2025-10-03 16:20:56.765Z: [7B2025-10-03 16:20:56.784Z: [4A[2K
a63fa575778c: Downloading     223B/223B
[4B[4A[2K
a63fa575778c: Verifying Checksum 
[4B[4A[2K
a63fa575778c: Download complete 
[4B2025-10-03 16:20:56.796Z: [3A[2K
2025-10-03 16:20:56.797Z: 85553cdd1418: Downloading     233B/233B
[3B[3A[2K
85553cdd1418: Verifying Checksum 
[3B[3A[2K
85553cdd1418: Download complete 
[3B2025-10-03 16:20:56.811Z: [2A[2K
ba79d01ae1c8: Downloading  538.7kB/206.1MB
[2B2025-10-03 16:20:56.845Z: [1A[2K
7add29b687fa: Downloading  440.4kB/42.49MB
[1B2025-10-03 16:20:56.912Z: [2A[2K2025-10-03 16:20:56.913Z: 
ba79d01ae1c8: Downloading  26.48MB/206.1MB
[2B2025-10-03 16:20:56.927Z: [7A[2K
9824c27679d3: Extracting  262.1kB/3.8MB
[7B2025-10-03 16:20:56.946Z: [1A[2K
7add29b687fa: Downloading  11.09MB/42.49MB
[1B2025-10-03 16:20:57.013Z: [2A[2K
ba79d01ae1c8: Downloading  51.35MB/206.1MB
[2B2025-10-03 16:20:57.027Z: [7A[2K
9824c27679d3: Extracting  2.687MB/3.8MB
[7B2025-10-03 16:20:57.046Z: [7A[2K
9824c27679d3: Extracting    3.8MB/3.8MB
[7B2025-10-03 16:20:57.048Z: [7A[2K
9824c27679d3: Extracting    3.8MB/3.8MB
[7B2025-10-03 16:20:57.049Z: [1A[2K
7add29b687fa: Downloading   24.3MB/42.49MB
[1B2025-10-03 16:20:57.089Z: [7A[2K
9824c27679d3: Pull complete 
[7B2025-10-03 16:20:57.095Z: [6A[2K
64460e5168e0: Extracting     408B/408B
[6B2025-10-03 16:20:57.096Z: [6A[2K
64460e5168e0: Extracting     408B/408B
[6B2025-10-03 16:20:57.113Z: [2A[2K
ba79d01ae1c8: Downloading   74.6MB/206.1MB
[2B2025-10-03 16:20:57.153Z: [1A2025-10-03 16:20:57.153Z: [2K
7add29b687fa: Downloading  37.93MB/42.49MB
[1B2025-10-03 16:20:57.197Z: [1A[2K
7add29b687fa: Verifying Checksum 
[1B[1A[2K
7add29b687fa: Download complete 
[1B2025-10-03 16:20:57.214Z: [2A[2K
ba79d01ae1c8: Downloading  100.5MB/206.1MB
[2B2025-10-03 16:20:57.318Z: [2A2025-10-03 16:20:57.318Z: [2K2025-10-03 16:20:57.319Z: 
ba79d01ae1c8: Downloading  129.7MB/206.1MB
[2B2025-10-03 16:20:57.418Z: [2A[2K
ba79d01ae1c8: Downloading  155.7MB/206.1MB
2025-10-03 16:20:57.419Z: [2B2025-10-03 16:20:57.520Z: [2A[2K
ba79d01ae1c8: Downloading  183.3MB/206.1MB
[2B2025-10-03 16:20:57.600Z: [2A[2K
ba79d01ae1c8: Verifying Checksum 
[2B[2A[2K
ba79d01ae1c8: 2025-10-03 16:20:57.600Z: Download complete 
[2B2025-10-03 16:20:59.382Z: [6A[2K
64460e5168e0: Pull complete 
[6B2025-10-03 16:20:59.384Z: [5A[2K
44c75e786264: 2025-10-03 16:20:59.385Z: Extracting     135B/135B
[5B2025-10-03 16:20:59.385Z: [5A[2K
44c75e786264: Extracting     135B/135B
[5B2025-10-03 16:21:00.436Z: [5A[2K
44c75e786264: Pull complete 
[5B2025-10-03 16:21:00.439Z: [4A[2K
a63fa575778c: 2025-10-03 16:21:00.439Z: Extracting     223B/223B
[4B2025-10-03 16:21:00.441Z: [4A[2K
a63fa575778c: 2025-10-03 16:21:00.441Z: Extracting     223B/223B
[4B2025-10-03 16:21:00.458Z: [4A[2K
a63fa575778c: Pull complete 
[4B2025-10-03 16:21:00.461Z: [3A[2K
85553cdd1418: Extracting     233B/233B
[3B2025-10-03 16:21:00.461Z: [3A[2K
2025-10-03 16:21:00.462Z: 85553cdd1418: Extracting     233B/233B
[3B2025-10-03 16:21:00.480Z: [3A[2K
85553cdd1418: Pull complete 
[3B2025-10-03 16:21:00.497Z: [2A[2K
ba79d01ae1c8: Extracting  557.1kB/206.1MB
[2B2025-10-03 16:21:00.600Z: [2A[2K2025-10-03 16:21:00.600Z: 
ba79d01ae1c8: Extracting  5.014MB/206.1MB
[2B2025-10-03 16:21:00.704Z: [2A[2K
ba79d01ae1c8: Extracting  14.48MB/206.1MB
[2B2025-10-03 16:21:00.808Z: [2A[2K
ba79d01ae1c8: Extracting  22.84MB/206.1MB
[2B2025-10-03 16:21:00.955Z: [2A[2K
ba79d01ae1c8: Extracting  25.07MB/206.1MB
[2B2025-10-03 16:21:01.056Z: [2A[2K
ba79d01ae1c8: Extracting  25.62MB/206.1MB
[2B2025-10-03 16:21:01.199Z: [2A[2K
ba79d01ae1c8: Extracting  26.74MB/206.1MB
2025-10-03 16:21:01.200Z: [2B2025-10-03 16:21:01.305Z: [2A[2K
ba79d01ae1c8: Extracting   27.3MB/206.1MB
[2B2025-10-03 16:21:01.442Z: [2A[2K2025-10-03 16:21:01.442Z: 
ba79d01ae1c8: Extracting   31.2MB/206.1MB
[2B2025-10-03 16:21:01.545Z: [2A[2K
ba79d01ae1c8: Extracting  37.88MB/206.1MB
[2B2025-10-03 16:21:01.650Z: [2A[2K
ba79d01ae1c8: Extracting  46.24MB/206.1MB
[2B2025-10-03 16:21:01.759Z: [2A[2K
ba79d01ae1c8: Extracting  54.03MB/206.1MB
[2B2025-10-03 16:21:01.881Z: [2A[2K
ba79d01ae1c8: Extracting  57.93MB/206.1MB
[2B2025-10-03 16:21:01.989Z: [2A[2K
ba79d01ae1c8: Extracting  62.39MB/206.1MB
[2B2025-10-03 16:21:02.090Z: [2A[2K
2025-10-03 16:21:02.090Z: ba79d01ae1c8: Extracting  66.85MB/206.1MB
[2B2025-10-03 16:21:02.191Z: [2A[2K
ba79d01ae1c8: Extracting  77.43MB/206.1MB
[2B2025-10-03 16:21:02.307Z: [2A[2K
ba79d01ae1c8: Extracting  81.33MB/206.1MB
[2B2025-10-03 16:21:02.447Z: [2A[2K
ba79d01ae1c8: Extracting  86.34MB/206.1MB
[2B2025-10-03 16:21:02.549Z: [2A[2K
ba79d01ae1c8: Extracting  88.01MB/206.1MB
[2B2025-10-03 16:21:02.672Z: [2A[2K2025-10-03 16:21:02.673Z: 
ba79d01ae1c8: Extracting  89.69MB/206.1MB
[2B2025-10-03 16:21:02.777Z: [2A[2K
ba79d01ae1c8: Extracting  99.16MB/206.1MB
[2B2025-10-03 16:21:02.881Z: [2A2025-10-03 16:21:02.881Z: [2K
ba79d01ae1c8: Extracting  108.1MB/206.1MB
[2B2025-10-03 16:21:02.984Z: [2A2025-10-03 16:21:02.985Z: [2K
ba79d01ae1c8: Extracting  117.5MB/206.1MB
[2B2025-10-03 16:21:03.086Z: [2A[2K
ba79d01ae1c8: Extracting  125.9MB/206.1MB
[2B2025-10-03 16:21:03.193Z: [2A[2K
2025-10-03 16:21:03.193Z: ba79d01ae1c8: Extracting  135.4MB/206.1MB
[2B2025-10-03 16:21:03.294Z: [2A[2K
ba79d01ae1c8: Extracting    142MB/206.1MB
[2B2025-10-03 16:21:03.396Z: [2A[2K
ba79d01ae1c8: 2025-10-03 16:21:03.396Z: Extracting  151.5MB/206.1MB
[2B2025-10-03 16:21:03.503Z: [2A[2K
ba79d01ae1c8: 2025-10-03 16:21:03.504Z: Extracting  160.4MB/206.1MB
[2B2025-10-03 16:21:03.606Z: [2A[2K
ba79d01ae1c8: Extracting  169.9MB/206.1MB
[2B2025-10-03 16:21:03.708Z: [2A2025-10-03 16:21:03.708Z: [2K
ba79d01ae1c8: Extracting  179.4MB/206.1MB
[2B2025-10-03 16:21:03.810Z: [2A[2K
ba79d01ae1c8: Extracting  188.3MB/206.1MB
[2B2025-10-03 16:21:03.924Z: [2A[2K
ba79d01ae1c8: Extracting    195MB/206.1MB
[2B2025-10-03 16:21:04.044Z: [2A[2K
ba79d01ae1c8: Extracting  196.1MB/206.1MB
[2B2025-10-03 16:21:04.182Z: [2A[2K
ba79d01ae1c8: Extracting  197.8MB/206.1MB
[2B2025-10-03 16:21:04.320Z: [2A[2K2025-10-03 16:21:04.320Z: 
ba79d01ae1c8: Extracting  199.4MB/206.1MB
[2B2025-10-03 16:21:04.455Z: [2A[2K
ba79d01ae1c8: 2025-10-03 16:21:04.455Z: Extracting    200MB/206.1MB
[2B2025-10-03 16:21:04.774Z: [2A[2K
ba79d01ae1c8: Extracting  201.7MB/206.1MB
[2B2025-10-03 16:21:05.085Z: [2A[2K
ba79d01ae1c8: Extracting  203.3MB/206.1MB
[2B2025-10-03 16:21:05.289Z: [2A[2K
ba79d01ae1c8: Extracting  203.9MB/206.1MB
[2B2025-10-03 16:21:05.299Z: [2A2025-10-03 16:21:05.300Z: [2K
ba79d01ae1c8: Extracting  206.1MB/206.1MB
[2B2025-10-03 16:21:12.256Z: [2A[2K
ba79d01ae1c8: Pull complete 
[2B2025-10-03 16:21:12.270Z: [1A[2K
2025-10-03 16:21:12.270Z: 7add29b687fa: Extracting    426kB/42.49MB
[1B2025-10-03 16:21:12.371Z: [1A[2K
7add29b687fa: Extracting  3.408MB/42.49MB
[1B2025-10-03 16:21:12.510Z: [1A[2K
7add29b687fa: Extracting  5.538MB/42.49MB
[1B2025-10-03 16:21:12.641Z: [1A[2K
7add29b687fa: 2025-10-03 16:21:12.641Z: Extracting  5.964MB/42.49MB
[1B2025-10-03 16:21:12.748Z: [1A[2K
7add29b687fa: Extracting  8.946MB/42.49MB
[1B2025-10-03 16:21:12.866Z: [1A[2K
7add29b687fa: Extracting  12.78MB/42.49MB
[1B2025-10-03 16:21:13.005Z: [1A[2K
7add29b687fa: Extracting  13.21MB/42.49MB
[1B2025-10-03 16:21:13.108Z: [1A[2K
7add29b687fa: Extracting  15.76MB/42.49MB
[1B2025-10-03 16:21:13.209Z: [1A[2K
7add29b687fa: Extracting     23MB/42.49MB
[1B2025-10-03 16:21:13.312Z: [1A[2K
7add29b687fa: Extracting  28.97MB/42.49MB
[1B2025-10-03 16:21:13.573Z: [1A[2K
7add29b687fa: Extracting  30.67MB/42.49MB
[1B2025-10-03 16:21:13.786Z: [1A[2K
7add29b687fa: Extracting  31.95MB/42.49MB
[1B2025-10-03 16:21:13.987Z: [1A[2K
7add29b687fa: 2025-10-03 16:21:13.987Z: Extracting   32.8MB/42.49MB
[1B2025-10-03 16:21:14.134Z: [1A[2K
7add29b687fa: Extracting  34.08MB/42.49MB
[1B2025-10-03 16:21:14.355Z: [1A[2K
7add29b687fa: Extracting  37.49MB/42.49MB
[1B2025-10-03 16:21:14.484Z: [1A[2K2025-10-03 16:21:14.485Z: 
7add29b687fa: Extracting  40.47MB/42.49MB
[1B2025-10-03 16:21:14.620Z: [1A[2K
7add29b687fa: 2025-10-03 16:21:14.621Z: Extracting  41.75MB/42.49MB
[1B2025-10-03 16:21:14.795Z: [1A[2K
7add29b687fa: Extracting  42.49MB/42.49MB
[1B2025-10-03 16:21:16.279Z: [1A[2K
7add29b687fa: Pull complete 
[1B2025-10-03 16:21:16.286Z: Digest: sha256:1f8a1ea669115b1c87835427e89f6278f58a934a2e3f20eca3af7b6366ee5af2
2025-10-03 16:21:16.289Z: Status: Downloaded newer image for mcr.microsoft.com/devcontainers/base:alpine
2025-10-03 16:21:16.400Z: Container started
2025-10-03 16:21:16.587Z: Outcome: success User: vscode WorkspaceFolder: /workspaces/AI-Motor-Control
2025-10-03 16:21:16.593Z: devcontainer process exited with exit code 0

=================================================================================
2025-10-03 16:21:16.962Z: Running blocking commands...
2025-10-03 16:21:16.983Z: $ devcontainer up --id-label Type=codespaces --workspace-folder /var/lib/docker/codespacemount/workspace/AI-Motor-Control --mount type=bind,source=/.codespaces/agent/mount/cache,target=/vscode --user-data-folder /var/lib/docker/codespacemount/.persistedshare --container-data-folder .vscode-remote/data/Machine --container-system-data-folder /var/vscode-remote --log-level trace --log-format json --update-remote-user-uid-default never --mount-workspace-git-root false --omit-config-remote-env-from-metadata --skip-non-blocking-commands --expect-existing-container --config "/var/lib/docker/codespacemount/workspace/AI-Motor-Control/.devcontainer/devcontainer.json" --override-config /root/.codespaces/shared/merged_devcontainer.json --default-user-env-probe loginInteractiveShell --container-session-data-folder /workspaces/.codespaces/.persistedshare/devcontainers-cli/cache --secrets-file /root/.codespaces/shared/user-secrets-envs.json
2025-10-03 16:21:17.140Z: @devcontainers/cli 0.80.0. Node.js v18.20.6. linux 6.8.0-1030-azure x64.
2025-10-03 16:21:17.367Z: Outcome: success User: vscode WorkspaceFolder: /workspaces/AI-Motor-Control
2025-10-03 16:21:17.374Z: devcontainer process exited with exit code 0

=================================================================================
2025-10-03 16:21:17.381Z: Configuring codespace...

=================================================================================
2025-10-03 16:21:17.381Z: Finished configuring codespace.
